{"songName":"Gangnam Style","songSubName":"PSY","authorName":"GreatYazer","beatsPerMinute":132,"previewStartTime":12,"previewDuration":10,"coverImagePath":"cover.jpg","environmentName":"NiceEnvironment","difficultyLevels":[{"difficulty":"Expert","difficultyRank":4,"audioPath":"Song.ogg","jsonPath":"Expert.json","offset":0,"oldOffset":0},{"difficulty":"Hard","difficultyRank":4,"audioPath":"song.ogg","jsonPath":"Hard.json","offset":0,"oldOffset":0},{"difficulty":"Normal","difficultyRank":4,"audioPath":"song.ogg","jsonPath":"Normal.json","offset":0,"oldOffset":0}]}