{"_version":"1.5.0","_beatsPerMinute":132,"_beatsPerBar":16,"_noteJumpSpeed":10,"_shuffle":0,"_shufflePeriod":0.5,"_events":[{"_time":0,"_type":4,"_value":3},{"_time":1,"_type":4,"_value":3},{"_time":2,"_type":4,"_value":3},{"_time":3,"_type":4,"_value":3},{"_time":4,"_type":4,"_value":3},{"_time":5,"_type":4,"_value":3},{"_time":6,"_type":4,"_value":3},{"_time":7,"_type":4,"_value":3},{"_time":8,"_type":4,"_value":3},{"_time":9,"_type":4,"_value":3},{"_time":10,"_type":4,"_value":3},{"_time":11,"_type":4,"_value":3},{"_time":12,"_type":4,"_value":3},{"_time":13,"_type":4,"_value":3},{"_time":14,"_type":4,"_value":3},{"_time":15,"_type":4,"_value":3},{"_time":16,"_type":4,"_value":3},{"_time":17,"_type":4,"_value":3},{"_time":18,"_type":4,"_value":3},{"_time":19,"_type":4,"_value":3},{"_time":20,"_type":4,"_value":3},{"_time":21,"_type":4,"_value":3},{"_time":22,"_type":4,"_value":3},{"_time":23,"_type":4,"_value":3},{"_time":24,"_type":4,"_value":3},{"_time":25,"_type":4,"_value":3},{"_time":26,"_type":4,"_value":3},{"_time":27,"_type":4,"_value":3},{"_time":28,"_type":1,"_value":7},{"_time":28,"_type":4,"_value":3},{"_time":28.75,"_type":1,"_value":7},{"_time":29.5,"_type":1,"_value":7},{"_time":30,"_type":1,"_value":3},{"_time":30.75,"_type":1,"_value":3},{"_time":31.5,"_type":1,"_value":3},{"_time":32,"_type":9,"_value":0},{"_time":32,"_type":12,"_value":3},{"_time":32,"_type":13,"_value":3},{"_time":32,"_type":4,"_value":1},{"_time":32,"_type":3,"_value":6},{"_time":32,"_type":2,"_value":6},{"_time":32,"_type":8,"_value":0},{"_time":36,"_type":8,"_value":0},{"_time":36,"_type":9,"_value":0},{"_time":40,"_type":8,"_value":0},{"_time":40,"_type":9,"_value":0},{"_time":44,"_type":8,"_value":0},{"_time":44,"_type":9,"_value":0},{"_time":48,"_type":8,"_value":0},{"_time":48,"_type":9,"_value":0},{"_time":52,"_type":8,"_value":0},{"_time":52,"_type":9,"_value":0},{"_time":56,"_type":9,"_value":0},{"_time":56,"_type":8,"_value":0},{"_time":60,"_type":3,"_value":0},{"_time":60,"_type":2,"_value":0},{"_time":60,"_type":1,"_value":3},{"_time":60,"_type":0,"_value":3},{"_time":60.75,"_type":1,"_value":3},{"_time":60.75,"_type":0,"_value":3},{"_time":61.5,"_type":0,"_value":3},{"_time":61.5,"_type":1,"_value":3},{"_time":62,"_type":0,"_value":7},{"_time":62,"_type":1,"_value":7},{"_time":62.75,"_type":1,"_value":7},{"_time":62.75,"_type":0,"_value":7},{"_time":63.5,"_type":0,"_value":7},{"_time":63.5,"_type":1,"_value":7},{"_time":64,"_type":8,"_value":0},{"_time":64,"_type":9,"_value":0},{"_time":64,"_type":1,"_value":7},{"_time":64,"_type":2,"_value":1},{"_time":64,"_type":3,"_value":1},{"_time":64,"_type":4,"_value":5},{"_time":65,"_type":1,"_value":7},{"_time":66,"_type":1,"_value":7},{"_time":67,"_type":1,"_value":7},{"_time":68,"_type":9,"_value":0},{"_time":68,"_type":8,"_value":0},{"_time":68,"_type":1,"_value":7},{"_time":69,"_type":1,"_value":7},{"_time":70,"_type":1,"_value":7},{"_time":71,"_type":1,"_value":7},{"_time":72,"_type":9,"_value":0},{"_time":72,"_type":1,"_value":7},{"_time":72,"_type":8,"_value":0},{"_time":73,"_type":1,"_value":7},{"_time":74,"_type":1,"_value":7},{"_time":75,"_type":1,"_value":7},{"_time":76,"_type":1,"_value":7},{"_time":76,"_type":8,"_value":0},{"_time":76,"_type":9,"_value":0},{"_time":77,"_type":1,"_value":7},{"_time":78,"_type":1,"_value":7},{"_time":79,"_type":1,"_value":7},{"_time":80,"_type":8,"_value":0},{"_time":80,"_type":9,"_value":0},{"_time":80,"_type":1,"_value":7},{"_time":81,"_type":1,"_value":7},{"_time":82,"_type":1,"_value":7},{"_time":83,"_type":1,"_value":7},{"_time":84,"_type":1,"_value":7},{"_time":84,"_type":9,"_value":0},{"_time":84,"_type":8,"_value":0},{"_time":85,"_type":1,"_value":7},{"_time":86,"_type":1,"_value":7},{"_time":87,"_type":1,"_value":7},{"_time":88,"_type":9,"_value":0},{"_time":88,"_type":8,"_value":0},{"_time":88,"_type":1,"_value":7},{"_time":89,"_type":1,"_value":7},{"_time":90,"_type":1,"_value":7},{"_time":91,"_type":1,"_value":7},{"_time":92,"_type":3,"_value":0},{"_time":92,"_type":2,"_value":0},{"_time":92,"_type":1,"_value":3},{"_time":92.75,"_type":1,"_value":3},{"_time":93.5,"_type":1,"_value":3},{"_time":94,"_type":1,"_value":7},{"_time":94.75,"_type":1,"_value":7},{"_time":95.5,"_type":1,"_value":7},{"_time":96,"_type":2,"_value":1},{"_time":96,"_type":4,"_value":1},{"_time":96,"_type":12,"_value":3},{"_time":96,"_type":9,"_value":0},{"_time":96,"_type":1,"_value":7},{"_time":96,"_type":0,"_value":7},{"_time":96,"_type":13,"_value":3},{"_time":96,"_type":8,"_value":0},{"_time":96,"_type":3,"_value":1},{"_time":100,"_type":0,"_value":7},{"_time":100,"_type":9,"_value":0},{"_time":100,"_type":8,"_value":0},{"_time":100,"_type":1,"_value":7},{"_time":104,"_type":0,"_value":7},{"_time":104,"_type":9,"_value":0},{"_time":104,"_type":8,"_value":0},{"_time":104,"_type":1,"_value":7},{"_time":108,"_type":0,"_value":7},{"_time":108,"_type":9,"_value":0},{"_time":108,"_type":8,"_value":0},{"_time":108,"_type":1,"_value":7},{"_time":112,"_type":0,"_value":7},{"_time":112,"_type":9,"_value":0},{"_time":112,"_type":8,"_value":0},{"_time":112,"_type":1,"_value":7},{"_time":116,"_type":0,"_value":7},{"_time":116,"_type":8,"_value":0},{"_time":116,"_type":9,"_value":0},{"_time":116,"_type":1,"_value":7},{"_time":120,"_type":0,"_value":7},{"_time":120,"_type":9,"_value":0},{"_time":120,"_type":8,"_value":0},{"_time":120,"_type":1,"_value":7},{"_time":124,"_type":0,"_value":7},{"_time":124,"_type":8,"_value":0},{"_time":124,"_type":9,"_value":0},{"_time":124,"_type":1,"_value":7},{"_time":128,"_type":0,"_value":7},{"_time":128,"_type":8,"_value":0},{"_time":128,"_type":9,"_value":0},{"_time":128,"_type":1,"_value":7},{"_time":135.75,"_type":2,"_value":2},{"_time":135.75,"_type":1,"_value":6},{"_time":136,"_type":3,"_value":2},{"_time":136.25,"_type":1,"_value":6},{"_time":136.25,"_type":2,"_value":2},{"_time":136.5,"_type":3,"_value":2},{"_time":136.75,"_type":2,"_value":2},{"_time":136.75,"_type":1,"_value":6},{"_time":137,"_type":3,"_value":2},{"_time":137.25,"_type":1,"_value":6},{"_time":137.25,"_type":2,"_value":2},{"_time":137.5,"_type":3,"_value":2},{"_time":137.75,"_type":2,"_value":2},{"_time":137.75,"_type":1,"_value":6},{"_time":138,"_type":3,"_value":2},{"_time":138.25,"_type":1,"_value":6},{"_time":138.25,"_type":2,"_value":2},{"_time":138.5,"_type":3,"_value":2},{"_time":138.75,"_type":2,"_value":2},{"_time":138.75,"_type":1,"_value":6},{"_time":139,"_type":3,"_value":2},{"_time":139.25,"_type":1,"_value":6},{"_time":139.25,"_type":2,"_value":2},{"_time":139.5,"_type":3,"_value":2},{"_time":139.75,"_type":2,"_value":2},{"_time":139.75,"_type":1,"_value":6},{"_time":140,"_type":3,"_value":3},{"_time":140,"_type":2,"_value":3},{"_time":140,"_type":1,"_value":7},{"_time":148,"_type":8,"_value":0},{"_time":148,"_type":0,"_value":1},{"_time":148,"_type":1,"_value":1},{"_time":148,"_type":2,"_value":5},{"_time":148,"_type":3,"_value":5},{"_time":148,"_type":9,"_value":0},{"_time":152,"_type":3,"_value":1},{"_time":152,"_type":2,"_value":1},{"_time":152,"_type":9,"_value":0},{"_time":152,"_type":8,"_value":0},{"_time":152,"_type":0,"_value":5},{"_time":152,"_type":1,"_value":5},{"_time":156,"_type":1,"_value":1},{"_time":156,"_type":0,"_value":1},{"_time":156,"_type":3,"_value":5},{"_time":156,"_type":2,"_value":5},{"_time":156,"_type":8,"_value":0},{"_time":156,"_type":9,"_value":0},{"_time":160,"_type":2,"_value":1},{"_time":160,"_type":9,"_value":0},{"_time":160,"_type":1,"_value":5},{"_time":160,"_type":0,"_value":5},{"_time":160,"_type":3,"_value":1},{"_time":160,"_type":8,"_value":0},{"_time":164,"_type":8,"_value":0},{"_time":164,"_type":3,"_value":5},{"_time":164,"_type":2,"_value":5},{"_time":164,"_type":1,"_value":1},{"_time":164,"_type":0,"_value":1},{"_time":164,"_type":9,"_value":0},{"_time":168,"_type":8,"_value":0},{"_time":168,"_type":3,"_value":1},{"_time":168,"_type":2,"_value":1},{"_time":168,"_type":1,"_value":5},{"_time":168,"_type":0,"_value":5},{"_time":168,"_type":9,"_value":0},{"_time":172,"_type":2,"_value":5},{"_time":172,"_type":1,"_value":1},{"_time":172,"_type":0,"_value":1},{"_time":172,"_type":8,"_value":0},{"_time":172,"_type":9,"_value":0},{"_time":172,"_type":3,"_value":5},{"_time":176,"_type":3,"_value":0},{"_time":176,"_type":2,"_value":0},{"_time":176,"_type":1,"_value":2},{"_time":176,"_type":0,"_value":0},{"_time":176.75,"_type":1,"_value":2},{"_time":177.5,"_type":1,"_value":2},{"_time":178,"_type":1,"_value":6},{"_time":178.75,"_type":1,"_value":6},{"_time":179.5,"_type":1,"_value":6},{"_time":180,"_type":2,"_value":1},{"_time":180,"_type":1,"_value":5},{"_time":180,"_type":0,"_value":5},{"_time":180,"_type":9,"_value":0},{"_time":180,"_type":8,"_value":0},{"_time":180,"_type":3,"_value":1},{"_time":184,"_type":2,"_value":5},{"_time":184,"_type":1,"_value":1},{"_time":184,"_type":0,"_value":1},{"_time":184,"_type":9,"_value":0},{"_time":184,"_type":8,"_value":0},{"_time":184,"_type":3,"_value":5},{"_time":188,"_type":2,"_value":1},{"_time":188,"_type":1,"_value":5},{"_time":188,"_type":0,"_value":5},{"_time":188,"_type":9,"_value":0},{"_time":188,"_type":8,"_value":0},{"_time":188,"_type":3,"_value":1},{"_time":192,"_type":3,"_value":5},{"_time":192,"_type":1,"_value":1},{"_time":192,"_type":0,"_value":1},{"_time":192,"_type":9,"_value":0},{"_time":192,"_type":8,"_value":0},{"_time":192,"_type":2,"_value":5},{"_time":196,"_type":2,"_value":1},{"_time":196,"_type":1,"_value":5},{"_time":196,"_type":0,"_value":5},{"_time":196,"_type":8,"_value":0},{"_time":196,"_type":9,"_value":0},{"_time":196,"_type":3,"_value":1},{"_time":200,"_type":2,"_value":5},{"_time":200,"_type":1,"_value":1},{"_time":200,"_type":0,"_value":1},{"_time":200,"_type":9,"_value":0},{"_time":200,"_type":8,"_value":0},{"_time":200,"_type":3,"_value":5},{"_time":204,"_type":2,"_value":1},{"_time":204,"_type":1,"_value":5},{"_time":204,"_type":0,"_value":5},{"_time":204,"_type":9,"_value":0},{"_time":204,"_type":8,"_value":0},{"_time":204,"_type":3,"_value":1},{"_time":208,"_type":0,"_value":3},{"_time":208,"_type":2,"_value":0},{"_time":208,"_type":3,"_value":0},{"_time":208,"_type":1,"_value":3},{"_time":208.75,"_type":1,"_value":3},{"_time":208.75,"_type":0,"_value":3},{"_time":209.5,"_type":0,"_value":3},{"_time":209.5,"_type":1,"_value":3},{"_time":210,"_type":0,"_value":7},{"_time":210,"_type":1,"_value":7},{"_time":210.75,"_type":1,"_value":7},{"_time":210.75,"_type":0,"_value":7},{"_time":211.5,"_type":0,"_value":7},{"_time":212,"_type":8,"_value":0},{"_time":212,"_type":9,"_value":0},{"_time":216,"_type":9,"_value":0},{"_time":216,"_type":8,"_value":0},{"_time":220,"_type":8,"_value":0},{"_time":220,"_type":9,"_value":0},{"_time":224,"_type":8,"_value":0},{"_time":224,"_type":9,"_value":0},{"_time":228,"_type":8,"_value":0},{"_time":228,"_type":9,"_value":0},{"_time":232,"_type":9,"_value":0},{"_time":232,"_type":8,"_value":0},{"_time":236,"_type":9,"_value":0},{"_time":236,"_type":8,"_value":0},{"_time":240,"_type":1,"_value":6},{"_time":240,"_type":0,"_value":6},{"_time":240.75,"_type":1,"_value":6},{"_time":240.75,"_type":0,"_value":6},{"_time":241.5,"_type":1,"_value":6},{"_time":241.5,"_type":0,"_value":6},{"_time":242,"_type":1,"_value":2},{"_time":242,"_type":0,"_value":2},{"_time":242.75,"_type":0,"_value":2},{"_time":242.75,"_type":1,"_value":2},{"_time":243.5,"_type":1,"_value":2},{"_time":243.5,"_type":0,"_value":2},{"_time":244,"_type":2,"_value":5},{"_time":244,"_type":3,"_value":5},{"_time":244,"_type":1,"_value":3},{"_time":244,"_type":9,"_value":0},{"_time":244,"_type":8,"_value":0},{"_time":244,"_type":4,"_value":5},{"_time":245,"_type":1,"_value":3},{"_time":246,"_type":1,"_value":3},{"_time":247,"_type":1,"_value":3},{"_time":248,"_type":1,"_value":3},{"_time":248,"_type":8,"_value":0},{"_time":248,"_type":9,"_value":0},{"_time":249,"_type":1,"_value":3},{"_time":250,"_type":1,"_value":3},{"_time":251,"_type":1,"_value":3},{"_time":252,"_type":8,"_value":0},{"_time":252,"_type":1,"_value":3},{"_time":252,"_type":9,"_value":0},{"_time":253,"_type":1,"_value":3},{"_time":254,"_type":1,"_value":3},{"_time":255,"_type":1,"_value":3},{"_time":256,"_type":8,"_value":0},{"_time":256,"_type":9,"_value":0},{"_time":256,"_type":1,"_value":3},{"_time":257,"_type":1,"_value":3},{"_time":258,"_type":1,"_value":3},{"_time":259,"_type":1,"_value":3},{"_time":260,"_type":1,"_value":3},{"_time":260,"_type":9,"_value":0},{"_time":260,"_type":8,"_value":0},{"_time":261,"_type":1,"_value":3},{"_time":262,"_type":1,"_value":3},{"_time":263,"_type":1,"_value":3},{"_time":264,"_type":8,"_value":0},{"_time":264,"_type":9,"_value":0},{"_time":264,"_type":1,"_value":3},{"_time":265,"_type":1,"_value":3},{"_time":266,"_type":1,"_value":3},{"_time":267,"_type":1,"_value":3},{"_time":268,"_type":9,"_value":0},{"_time":268,"_type":1,"_value":3},{"_time":268,"_type":8,"_value":0},{"_time":269,"_type":1,"_value":3},{"_time":270,"_type":1,"_value":3},{"_time":271,"_type":1,"_value":3},{"_time":272,"_type":1,"_value":2},{"_time":272,"_type":0,"_value":2},{"_time":272.75,"_type":0,"_value":2},{"_time":272.75,"_type":1,"_value":2},{"_time":273.5,"_type":1,"_value":2},{"_time":273.5,"_type":0,"_value":2},{"_time":274,"_type":0,"_value":6},{"_time":274,"_type":1,"_value":6},{"_time":274.75,"_type":1,"_value":6},{"_time":274.75,"_type":0,"_value":6},{"_time":275.5,"_type":0,"_value":6},{"_time":275.5,"_type":1,"_value":6},{"_time":276,"_type":0,"_value":7},{"_time":276,"_type":8,"_value":0},{"_time":276,"_type":9,"_value":0},{"_time":276,"_type":2,"_value":1},{"_time":276,"_type":3,"_value":1},{"_time":276,"_type":1,"_value":7},{"_time":280,"_type":0,"_value":7},{"_time":280,"_type":9,"_value":0},{"_time":280,"_type":8,"_value":0},{"_time":280,"_type":1,"_value":7},{"_time":284,"_type":0,"_value":7},{"_time":284,"_type":9,"_value":0},{"_time":284,"_type":8,"_value":0},{"_time":284,"_type":1,"_value":7},{"_time":288,"_type":0,"_value":7},{"_time":288,"_type":8,"_value":0},{"_time":288,"_type":9,"_value":0},{"_time":288,"_type":1,"_value":7},{"_time":292,"_type":0,"_value":7},{"_time":292,"_type":9,"_value":0},{"_time":292,"_type":8,"_value":0},{"_time":292,"_type":1,"_value":7},{"_time":296,"_type":0,"_value":7},{"_time":296,"_type":8,"_value":0},{"_time":296,"_type":9,"_value":0},{"_time":296,"_type":1,"_value":7},{"_time":300,"_type":0,"_value":7},{"_time":300,"_type":8,"_value":0},{"_time":300,"_type":9,"_value":0},{"_time":300,"_type":1,"_value":7},{"_time":304,"_type":0,"_value":7},{"_time":304,"_type":9,"_value":0},{"_time":304,"_type":8,"_value":0},{"_time":304,"_type":1,"_value":7},{"_time":308,"_type":0,"_value":7},{"_time":308,"_type":9,"_value":0},{"_time":308,"_type":8,"_value":0},{"_time":308,"_type":1,"_value":7},{"_time":312,"_type":0,"_value":7},{"_time":312,"_type":9,"_value":0},{"_time":312,"_type":8,"_value":0},{"_time":312,"_type":1,"_value":7},{"_time":313,"_type":0,"_value":7},{"_time":313,"_type":8,"_value":0},{"_time":313,"_type":9,"_value":0},{"_time":313,"_type":1,"_value":7},{"_time":314,"_type":0,"_value":7},{"_time":314,"_type":9,"_value":0},{"_time":314,"_type":8,"_value":0},{"_time":314,"_type":1,"_value":7},{"_time":315,"_type":0,"_value":7},{"_time":315,"_type":9,"_value":0},{"_time":315,"_type":8,"_value":0},{"_time":315,"_type":1,"_value":7},{"_time":316,"_type":1,"_value":6},{"_time":316,"_type":2,"_value":2},{"_time":316.25,"_type":3,"_value":2},{"_time":316.5,"_type":2,"_value":2},{"_time":316.75,"_type":3,"_value":2},{"_time":317,"_type":2,"_value":2},{"_time":317,"_type":1,"_value":6},{"_time":317.25,"_type":3,"_value":2},{"_time":317.5,"_type":2,"_value":2},{"_time":317.75,"_type":3,"_value":2},{"_time":318,"_type":1,"_value":6},{"_time":318,"_type":2,"_value":2},{"_time":318.25,"_type":3,"_value":2},{"_time":318.5,"_type":2,"_value":2},{"_time":318.75,"_type":3,"_value":2},{"_time":319,"_type":2,"_value":2},{"_time":319,"_type":1,"_value":6},{"_time":319.25,"_type":3,"_value":2},{"_time":319.5,"_type":2,"_value":2},{"_time":319.75,"_type":3,"_value":2},{"_time":320,"_type":2,"_value":7},{"_time":320,"_type":1,"_value":7},{"_time":320,"_type":0,"_value":7},{"_time":320,"_type":3,"_value":7},{"_time":328,"_type":9,"_value":0},{"_time":328,"_type":4,"_value":1},{"_time":328,"_type":0,"_value":3},{"_time":328,"_type":1,"_value":3},{"_time":328,"_type":2,"_value":5},{"_time":328,"_type":3,"_value":5},{"_time":328,"_type":8,"_value":0},{"_time":332,"_type":1,"_value":3},{"_time":332,"_type":0,"_value":3},{"_time":332,"_type":9,"_value":0},{"_time":332,"_type":8,"_value":0},{"_time":336,"_type":1,"_value":3},{"_time":336,"_type":0,"_value":3},{"_time":336,"_type":9,"_value":0},{"_time":336,"_type":8,"_value":0},{"_time":340,"_type":1,"_value":3},{"_time":340,"_type":8,"_value":0},{"_time":340,"_type":9,"_value":0},{"_time":340,"_type":0,"_value":3},{"_time":344,"_type":0,"_value":3},{"_time":344,"_type":8,"_value":0},{"_time":344,"_type":9,"_value":0},{"_time":344,"_type":1,"_value":3},{"_time":348,"_type":0,"_value":3},{"_time":348,"_type":9,"_value":0},{"_time":348,"_type":8,"_value":0},{"_time":348,"_type":1,"_value":3},{"_time":352,"_type":0,"_value":3},{"_time":352,"_type":9,"_value":0},{"_time":352,"_type":8,"_value":0},{"_time":352,"_type":1,"_value":3},{"_time":356,"_type":8,"_value":0},{"_time":356,"_type":9,"_value":0},{"_time":356,"_type":0,"_value":3},{"_time":356,"_type":1,"_value":3},{"_time":360,"_type":9,"_value":0},{"_time":360,"_type":8,"_value":0},{"_time":360,"_type":1,"_value":3},{"_time":360,"_type":0,"_value":3},{"_time":364,"_type":8,"_value":0},{"_time":364,"_type":9,"_value":0},{"_time":364,"_type":1,"_value":3},{"_time":364,"_type":0,"_value":3},{"_time":368,"_type":9,"_value":0},{"_time":368,"_type":8,"_value":0},{"_time":368,"_type":1,"_value":3},{"_time":368,"_type":0,"_value":3},{"_time":371.5,"_type":9,"_value":0},{"_time":371.5,"_type":8,"_value":0},{"_time":371.5,"_type":1,"_value":3},{"_time":371.5,"_type":0,"_value":3},{"_time":376,"_type":8,"_value":0},{"_time":376,"_type":9,"_value":0},{"_time":376,"_type":1,"_value":3},{"_time":376,"_type":0,"_value":3},{"_time":380,"_type":1,"_value":3},{"_time":380,"_type":0,"_value":3},{"_time":380,"_type":8,"_value":0},{"_time":380,"_type":9,"_value":0},{"_time":384,"_type":8,"_value":0},{"_time":384,"_type":1,"_value":3},{"_time":384,"_type":0,"_value":3},{"_time":384,"_type":9,"_value":0},{"_time":388,"_type":3,"_value":0},{"_time":388,"_type":8,"_value":0},{"_time":388,"_type":9,"_value":0},{"_time":388,"_type":1,"_value":3},{"_time":388,"_type":0,"_value":3},{"_time":388,"_type":2,"_value":0},{"_time":388.75,"_type":0,"_value":2},{"_time":388.75,"_type":1,"_value":2},{"_time":389.5,"_type":1,"_value":2},{"_time":389.5,"_type":0,"_value":2},{"_time":390,"_type":1,"_value":6},{"_time":390,"_type":0,"_value":6},{"_time":390.75,"_type":0,"_value":6},{"_time":390.75,"_type":1,"_value":6},{"_time":391.5,"_type":0,"_value":7},{"_time":391.5,"_type":1,"_value":7},{"_time":392,"_type":4,"_value":3},{"_time":393,"_type":4,"_value":3},{"_time":394,"_type":4,"_value":3},{"_time":395,"_type":4,"_value":3},{"_time":396,"_type":4,"_value":3},{"_time":397,"_type":4,"_value":3},{"_time":398,"_type":4,"_value":3},{"_time":399,"_type":4,"_value":3},{"_time":400,"_type":4,"_value":3},{"_time":401,"_type":4,"_value":3},{"_time":402,"_type":4,"_value":3},{"_time":403,"_type":4,"_value":3},{"_time":404,"_type":4,"_value":3},{"_time":405,"_type":4,"_value":3},{"_time":406,"_type":4,"_value":3},{"_time":407,"_type":4,"_value":3},{"_time":408,"_type":4,"_value":3},{"_time":409,"_type":4,"_value":3},{"_time":410,"_type":4,"_value":3},{"_time":411,"_type":4,"_value":3},{"_time":412,"_type":4,"_value":3},{"_time":413,"_type":4,"_value":3},{"_time":414,"_type":4,"_value":3},{"_time":415,"_type":4,"_value":3},{"_time":416,"_type":4,"_value":3},{"_time":417,"_type":4,"_value":3},{"_time":418,"_type":4,"_value":3},{"_time":419,"_type":4,"_value":3},{"_time":420,"_type":4,"_value":3},{"_time":421,"_type":2,"_value":3},{"_time":421,"_type":3,"_value":3},{"_time":421,"_type":4,"_value":3},{"_time":421,"_type":8,"_value":0},{"_time":421,"_type":9,"_value":0},{"_time":422,"_type":3,"_value":3},{"_time":422,"_type":0,"_value":3},{"_time":422,"_type":9,"_value":0},{"_time":422,"_type":8,"_value":0},{"_time":422,"_type":2,"_value":3},{"_time":422,"_type":4,"_value":3},{"_time":423,"_type":1,"_value":3},{"_time":423,"_type":0,"_value":3},{"_time":423,"_type":9,"_value":0},{"_time":423,"_type":8,"_value":0},{"_time":423,"_type":4,"_value":3},{"_time":423,"_type":3,"_value":3},{"_time":423,"_type":2,"_value":3},{"_time":428,"_type":1,"_value":3},{"_time":428,"_type":2,"_value":3},{"_time":428,"_type":4,"_value":3},{"_time":428,"_type":0,"_value":3},{"_time":428,"_type":3,"_value":3},{"_time":428.75,"_type":4,"_value":3},{"_time":428.75,"_type":0,"_value":3},{"_time":428.75,"_type":1,"_value":3},{"_time":428.75,"_type":2,"_value":3},{"_time":428.75,"_type":3,"_value":3},{"_time":429.5,"_type":0,"_value":3},{"_time":429.5,"_type":4,"_value":3},{"_time":429.5,"_type":3,"_value":3},{"_time":429.5,"_type":2,"_value":3},{"_time":429.5,"_type":1,"_value":3},{"_time":430,"_type":0,"_value":6},{"_time":430,"_type":2,"_value":6},{"_time":430,"_type":3,"_value":6},{"_time":430,"_type":4,"_value":6},{"_time":430,"_type":1,"_value":6},{"_time":430.75,"_type":3,"_value":6},{"_time":430.75,"_type":2,"_value":6},{"_time":430.75,"_type":1,"_value":6},{"_time":430.75,"_type":0,"_value":6},{"_time":430.75,"_type":4,"_value":6},{"_time":431.5,"_type":1,"_value":6},{"_time":431.5,"_type":2,"_value":6},{"_time":431.5,"_type":3,"_value":6},{"_time":431.5,"_type":4,"_value":6},{"_time":431.5,"_type":0,"_value":6},{"_time":432,"_type":4,"_value":1},{"_time":432,"_type":1,"_value":7},{"_time":432,"_type":2,"_value":3},{"_time":432,"_type":3,"_value":3},{"_time":432,"_type":0,"_value":7},{"_time":432,"_type":8,"_value":0},{"_time":432,"_type":9,"_value":0},{"_time":433,"_type":0,"_value":3},{"_time":433,"_type":8,"_value":0},{"_time":433,"_type":2,"_value":7},{"_time":434,"_type":9,"_value":0},{"_time":434,"_type":3,"_value":3},{"_time":434,"_type":1,"_value":7},{"_time":435,"_type":0,"_value":3},{"_time":435,"_type":8,"_value":0},{"_time":435,"_type":2,"_value":7},{"_time":436,"_type":1,"_value":7},{"_time":436,"_type":3,"_value":3},{"_time":436,"_type":9,"_value":0},{"_time":437,"_type":8,"_value":0},{"_time":437,"_type":2,"_value":7},{"_time":437,"_type":0,"_value":3},{"_time":438,"_type":1,"_value":7},{"_time":438,"_type":9,"_value":0},{"_time":438,"_type":3,"_value":3},{"_time":439,"_type":2,"_value":7},{"_time":439,"_type":0,"_value":3},{"_time":439,"_type":8,"_value":0},{"_time":440,"_type":9,"_value":0},{"_time":440,"_type":1,"_value":7},{"_time":440,"_type":3,"_value":3},{"_time":441,"_type":0,"_value":3},{"_time":441,"_type":8,"_value":0},{"_time":441,"_type":2,"_value":7},{"_time":442,"_type":3,"_value":3},{"_time":442,"_type":1,"_value":7},{"_time":442,"_type":9,"_value":0},{"_time":443,"_type":8,"_value":0},{"_time":443,"_type":2,"_value":7},{"_time":443,"_type":0,"_value":3},{"_time":444,"_type":3,"_value":3},{"_time":444,"_type":9,"_value":0},{"_time":444,"_type":1,"_value":7},{"_time":445,"_type":2,"_value":7},{"_time":445,"_type":0,"_value":3},{"_time":445,"_type":8,"_value":0},{"_time":446,"_type":9,"_value":0},{"_time":446,"_type":3,"_value":3},{"_time":446,"_type":1,"_value":7},{"_time":447,"_type":0,"_value":3},{"_time":447,"_type":8,"_value":0},{"_time":447,"_type":2,"_value":7},{"_time":448,"_type":9,"_value":0},{"_time":448,"_type":1,"_value":7},{"_time":448,"_type":3,"_value":3},{"_time":449,"_type":8,"_value":0},{"_time":449,"_type":2,"_value":7},{"_time":449,"_type":0,"_value":3},{"_time":450,"_type":1,"_value":7},{"_time":450,"_type":9,"_value":0},{"_time":450,"_type":3,"_value":3},{"_time":451,"_type":2,"_value":7},{"_time":451,"_type":0,"_value":3},{"_time":451,"_type":8,"_value":0},{"_time":452,"_type":9,"_value":0},{"_time":452,"_type":1,"_value":7},{"_time":452,"_type":3,"_value":3},{"_time":453,"_type":2,"_value":7},{"_time":453,"_type":8,"_value":0},{"_time":453,"_type":0,"_value":3},{"_time":454,"_type":3,"_value":3},{"_time":454,"_type":1,"_value":7},{"_time":454,"_type":9,"_value":0},{"_time":455,"_type":8,"_value":0},{"_time":455,"_type":2,"_value":7},{"_time":455,"_type":0,"_value":3},{"_time":456,"_type":3,"_value":3},{"_time":456,"_type":9,"_value":0},{"_time":456,"_type":1,"_value":7},{"_time":457,"_type":0,"_value":3},{"_time":457,"_type":2,"_value":7},{"_time":457,"_type":8,"_value":0},{"_time":458,"_type":9,"_value":0},{"_time":458,"_type":3,"_value":3},{"_time":458,"_type":1,"_value":7},{"_time":459,"_type":2,"_value":7},{"_time":459,"_type":8,"_value":0},{"_time":459,"_type":0,"_value":3},{"_time":460,"_type":1,"_value":7},{"_time":460,"_type":3,"_value":3},{"_time":460,"_type":9,"_value":0},{"_time":461,"_type":8,"_value":0},{"_time":461,"_type":0,"_value":3},{"_time":461,"_type":2,"_value":7},{"_time":462,"_type":2,"_value":3},{"_time":462,"_type":3,"_value":3},{"_time":462,"_type":0,"_value":3},{"_time":462,"_type":4,"_value":3},{"_time":462,"_type":1,"_value":3},{"_time":462.75,"_type":2,"_value":3},{"_time":462.75,"_type":1,"_value":3},{"_time":462.75,"_type":0,"_value":3},{"_time":462.75,"_type":4,"_value":3},{"_time":462.75,"_type":3,"_value":3},{"_time":463.5,"_type":3,"_value":3},{"_time":463.5,"_type":0,"_value":3},{"_time":463.5,"_type":2,"_value":3},{"_time":463.5,"_type":1,"_value":3},{"_time":463.5,"_type":4,"_value":3},{"_time":464,"_type":3,"_value":0},{"_time":464,"_type":4,"_value":0},{"_time":464,"_type":0,"_value":0},{"_time":464,"_type":1,"_value":0},{"_time":464,"_type":2,"_value":0},{"_time":468,"_type":1,"_value":3},{"_time":468,"_type":4,"_value":7},{"_time":468,"_type":8,"_value":0},{"_time":468,"_type":2,"_value":7},{"_time":468,"_type":0,"_value":7},{"_time":468,"_type":9,"_value":0},{"_time":468,"_type":3,"_value":3}],"_notes":[{"_time":16,"_lineIndex":1,"_lineLayer":0,"_type":0,"_cutDirection":1},{"_time":17,"_lineIndex":3,"_lineLayer":1,"_type":1,"_cutDirection":3},{"_time":18,"_lineIndex":1,"_lineLayer":0,"_type":0,"_cutDirection":1},{"_time":19,"_lineIndex":3,"_lineLayer":1,"_type":1,"_cutDirection":3},{"_time":20,"_lineIndex":2,"_lineLayer":0,"_type":1,"_cutDirection":1},{"_time":21,"_lineIndex":0,"_lineLayer":1,"_type":0,"_cutDirection":2},{"_time":22,"_lineIndex":2,"_lineLayer":0,"_type":1,"_cutDirection":1},{"_time":23,"_lineIndex":0,"_lineLayer":1,"_type":0,"_cutDirection":2},{"_time":24,"_lineIndex":2,"_lineLayer":0,"_type":1,"_cutDirection":1},{"_time":25,"_lineIndex":3,"_lineLayer":1,"_type":1,"_cutDirection":3},{"_time":26,"_lineIndex":1,"_lineLayer":0,"_type":0,"_cutDirection":1},{"_time":27,"_lineIndex":0,"_lineLayer":1,"_type":0,"_cutDirection":2},{"_time":28,"_lineIndex":3,"_lineLayer":2,"_type":1,"_cutDirection":8},{"_time":28.75,"_lineIndex":1,"_lineLayer":2,"_type":0,"_cutDirection":8},{"_time":29.5,"_lineIndex":3,"_lineLayer":1,"_type":1,"_cutDirection":3},{"_time":30,"_lineIndex":2,"_lineLayer":0,"_type":1,"_cutDirection":1},{"_time":32,"_lineIndex":1,"_lineLayer":0,"_type":0,"_cutDirection":1},{"_time":32,"_lineIndex":2,"_lineLayer":0,"_type":1,"_cutDirection":1},{"_time":34,"_lineIndex":1,"_lineLayer":0,"_type":0,"_cutDirection":1},{"_time":35,"_lineIndex":3,"_lineLayer":1,"_type":1,"_cutDirection":5},{"_time":36,"_lineIndex":1,"_lineLayer":0,"_type":0,"_cutDirection":1},{"_time":38,"_lineIndex":1,"_lineLayer":0,"_type":0,"_cutDirection":1},{"_time":39,"_lineIndex":3,"_lineLayer":1,"_type":1,"_cutDirection":5},{"_time":40,"_lineIndex":1,"_lineLayer":0,"_type":0,"_cutDirection":1},{"_time":40,"_lineIndex":2,"_lineLayer":0,"_type":1,"_cutDirection":1},{"_time":42,"_lineIndex":1,"_lineLayer":0,"_type":0,"_cutDirection":2},{"_time":43,"_lineIndex":3,"_lineLayer":1,"_type":1,"_cutDirection":5},{"_time":44,"_lineIndex":1,"_lineLayer":0,"_type":0,"_cutDirection":1},{"_time":46,"_lineIndex":1,"_lineLayer":0,"_type":0,"_cutDirection":1},{"_time":47,"_lineIndex":3,"_lineLayer":1,"_type":1,"_cutDirection":5},{"_time":48,"_lineIndex":2,"_lineLayer":0,"_type":1,"_cutDirection":1},{"_time":48,"_lineIndex":1,"_lineLayer":0,"_type":0,"_cutDirection":1},{"_time":50,"_lineIndex":1,"_lineLayer":0,"_type":0,"_cutDirection":1},{"_time":51,"_lineIndex":3,"_lineLayer":1,"_type":1,"_cutDirection":5},{"_time":52,"_lineIndex":1,"_lineLayer":0,"_type":0,"_cutDirection":1},{"_time":54,"_lineIndex":1,"_lineLayer":0,"_type":0,"_cutDirection":1},{"_time":55,"_lineIndex":3,"_lineLayer":1,"_type":1,"_cutDirection":5},{"_time":56,"_lineIndex":1,"_lineLayer":0,"_type":0,"_cutDirection":1},{"_time":58,"_lineIndex":3,"_lineLayer":0,"_type":1,"_cutDirection":7},{"_time":60,"_lineIndex":3,"_lineLayer":2,"_type":1,"_cutDirection":8},{"_time":60.75,"_lineIndex":1,"_lineLayer":2,"_type":0,"_cutDirection":8},{"_time":61.5,"_lineIndex":3,"_lineLayer":1,"_type":1,"_cutDirection":3},{"_time":62,"_lineIndex":2,"_lineLayer":0,"_type":1,"_cutDirection":1},{"_time":64,"_lineIndex":1,"_lineLayer":0,"_type":0,"_cutDirection":1},{"_time":65,"_lineIndex":3,"_lineLayer":1,"_type":1,"_cutDirection":5},{"_time":66,"_lineIndex":1,"_lineLayer":0,"_type":0,"_cutDirection":1},{"_time":67,"_lineIndex":3,"_lineLayer":1,"_type":1,"_cutDirection":5},{"_time":68,"_lineIndex":1,"_lineLayer":0,"_type":0,"_cutDirection":1},{"_time":69,"_lineIndex":3,"_lineLayer":1,"_type":1,"_cutDirection":5},{"_time":70,"_lineIndex":1,"_lineLayer":1,"_type":0,"_cutDirection":2},{"_time":71,"_lineIndex":3,"_lineLayer":2,"_type":1,"_cutDirection":5},{"_time":72,"_lineIndex":1,"_lineLayer":0,"_type":0,"_cutDirection":1},{"_time":73,"_lineIndex":3,"_lineLayer":1,"_type":1,"_cutDirection":5},{"_time":74,"_lineIndex":1,"_lineLayer":0,"_type":0,"_cutDirection":1},{"_time":75,"_lineIndex":3,"_lineLayer":1,"_type":1,"_cutDirection":5},{"_time":76,"_lineIndex":1,"_lineLayer":0,"_type":0,"_cutDirection":1},{"_time":77,"_lineIndex":3,"_lineLayer":1,"_type":1,"_cutDirection":5},{"_time":78,"_lineIndex":1,"_lineLayer":1,"_type":0,"_cutDirection":2},{"_time":79,"_lineIndex":3,"_lineLayer":2,"_type":1,"_cutDirection":5},{"_time":80,"_lineIndex":1,"_lineLayer":0,"_type":0,"_cutDirection":1},{"_time":81,"_lineIndex":3,"_lineLayer":1,"_type":1,"_cutDirection":5},{"_time":82,"_lineIndex":1,"_lineLayer":0,"_type":0,"_cutDirection":1},{"_time":83,"_lineIndex":3,"_lineLayer":1,"_type":1,"_cutDirection":5},{"_time":84,"_lineIndex":1,"_lineLayer":0,"_type":0,"_cutDirection":1},{"_time":85,"_lineIndex":3,"_lineLayer":1,"_type":1,"_cutDirection":5},{"_time":86,"_lineIndex":1,"_lineLayer":1,"_type":0,"_cutDirection":2},{"_time":87,"_lineIndex":3,"_lineLayer":2,"_type":1,"_cutDirection":5},{"_time":88,"_lineIndex":1,"_lineLayer":0,"_type":0,"_cutDirection":1},{"_time":89,"_lineIndex":3,"_lineLayer":1,"_type":1,"_cutDirection":5},{"_time":90,"_lineIndex":0,"_lineLayer":1,"_type":0,"_cutDirection":2},{"_time":91,"_lineIndex":3,"_lineLayer":1,"_type":1,"_cutDirection":3},{"_time":92,"_lineIndex":3,"_lineLayer":2,"_type":1,"_cutDirection":8},{"_time":92.75,"_lineIndex":1,"_lineLayer":2,"_type":0,"_cutDirection":8},{"_time":93.5,"_lineIndex":3,"_lineLayer":1,"_type":1,"_cutDirection":3},{"_time":94,"_lineIndex":2,"_lineLayer":0,"_type":1,"_cutDirection":1},{"_time":96,"_lineIndex":2,"_lineLayer":0,"_type":1,"_cutDirection":1},{"_time":96.75,"_lineIndex":1,"_lineLayer":0,"_type":0,"_cutDirection":1},{"_time":97.5,"_lineIndex":2,"_lineLayer":0,"_type":1,"_cutDirection":3},{"_time":100,"_lineIndex":2,"_lineLayer":0,"_type":1,"_cutDirection":1},{"_time":100.75,"_lineIndex":1,"_lineLayer":0,"_type":0,"_cutDirection":1},{"_time":101.5,"_lineIndex":2,"_lineLayer":0,"_type":1,"_cutDirection":3},{"_time":104,"_lineIndex":2,"_lineLayer":0,"_type":1,"_cutDirection":1},{"_time":104.75,"_lineIndex":1,"_lineLayer":0,"_type":0,"_cutDirection":1},{"_time":105.5,"_lineIndex":3,"_lineLayer":1,"_type":1,"_cutDirection":5},{"_time":108,"_lineIndex":2,"_lineLayer":0,"_type":1,"_cutDirection":1},{"_time":108.75,"_lineIndex":1,"_lineLayer":0,"_type":0,"_cutDirection":1},{"_time":109.5,"_lineIndex":2,"_lineLayer":0,"_type":1,"_cutDirection":1},{"_time":112,"_lineIndex":2,"_lineLayer":0,"_type":1,"_cutDirection":1},{"_time":112.75,"_lineIndex":1,"_lineLayer":0,"_type":0,"_cutDirection":1},{"_time":113.5,"_lineIndex":2,"_lineLayer":0,"_type":1,"_cutDirection":3},{"_time":116,"_lineIndex":2,"_lineLayer":0,"_type":1,"_cutDirection":1},{"_time":116.75,"_lineIndex":1,"_lineLayer":0,"_type":0,"_cutDirection":1},{"_time":117.5,"_lineIndex":2,"_lineLayer":0,"_type":1,"_cutDirection":3},{"_time":120,"_lineIndex":3,"_lineLayer":0,"_type":1,"_cutDirection":7},{"_time":121.5,"_lineIndex":0,"_lineLayer":0,"_type":0,"_cutDirection":6},{"_time":123,"_lineIndex":0,"_lineLayer":0,"_type":3,"_cutDirection":1},{"_time":123,"_lineIndex":3,"_lineLayer":0,"_type":3,"_cutDirection":1},{"_time":123,"_lineIndex":1,"_lineLayer":0,"_type":0,"_cutDirection":1},{"_time":123,"_lineIndex":2,"_lineLayer":0,"_type":1,"_cutDirection":1},{"_time":124,"_lineIndex":3,"_lineLayer":0,"_type":1,"_cutDirection":7},{"_time":125.5,"_lineIndex":0,"_lineLayer":0,"_type":0,"_cutDirection":6},{"_time":127,"_lineIndex":2,"_lineLayer":0,"_type":1,"_cutDirection":1},{"_time":128,"_lineIndex":1,"_lineLayer":0,"_type":0,"_cutDirection":0},{"_time":129,"_lineIndex":3,"_lineLayer":0,"_type":1,"_cutDirection":3},{"_time":130,"_lineIndex":1,"_lineLayer":0,"_type":0,"_cutDirection":2},{"_time":131,"_lineIndex":2,"_lineLayer":0,"_type":1,"_cutDirection":1},{"_time":132,"_lineIndex":0,"_lineLayer":0,"_type":0,"_cutDirection":6},{"_time":133,"_lineIndex":2,"_lineLayer":0,"_type":1,"_cutDirection":7},{"_time":134,"_lineIndex":2,"_lineLayer":0,"_type":1,"_cutDirection":1},{"_time":135,"_lineIndex":1,"_lineLayer":0,"_type":0,"_cutDirection":1},{"_time":136,"_lineIndex":3,"_lineLayer":0,"_type":1,"_cutDirection":1},{"_time":137,"_lineIndex":0,"_lineLayer":0,"_type":0,"_cutDirection":1},{"_time":138,"_lineIndex":3,"_lineLayer":0,"_type":1,"_cutDirection":1},{"_time":139,"_lineIndex":0,"_lineLayer":0,"_type":0,"_cutDirection":1},{"_time":140,"_lineIndex":3,"_lineLayer":0,"_type":1,"_cutDirection":7},{"_time":148,"_lineIndex":3,"_lineLayer":2,"_type":1,"_cutDirection":8},{"_time":149,"_lineIndex":3,"_lineLayer":2,"_type":1,"_cutDirection":8},{"_time":150,"_lineIndex":3,"_lineLayer":2,"_type":1,"_cutDirection":8},{"_time":151,"_lineIndex":3,"_lineLayer":2,"_type":1,"_cutDirection":8},{"_time":152,"_lineIndex":3,"_lineLayer":2,"_type":1,"_cutDirection":8},{"_time":153,"_lineIndex":3,"_lineLayer":2,"_type":1,"_cutDirection":8},{"_time":154,"_lineIndex":3,"_lineLayer":2,"_type":1,"_cutDirection":8},{"_time":155,"_lineIndex":3,"_lineLayer":2,"_type":1,"_cutDirection":8},{"_time":156,"_lineIndex":3,"_lineLayer":0,"_type":0,"_cutDirection":1},{"_time":157,"_lineIndex":2,"_lineLayer":0,"_type":1,"_cutDirection":1},{"_time":158,"_lineIndex":3,"_lineLayer":0,"_type":0,"_cutDirection":1},{"_time":159,"_lineIndex":2,"_lineLayer":0,"_type":1,"_cutDirection":1},{"_time":160,"_lineIndex":1,"_lineLayer":0,"_type":0,"_cutDirection":1},{"_time":161,"_lineIndex":0,"_lineLayer":0,"_type":1,"_cutDirection":1},{"_time":162,"_lineIndex":1,"_lineLayer":0,"_type":0,"_cutDirection":1},{"_time":163,"_lineIndex":0,"_lineLayer":0,"_type":1,"_cutDirection":1},{"_time":164,"_lineIndex":3,"_lineLayer":0,"_type":0,"_cutDirection":1},{"_time":165,"_lineIndex":2,"_lineLayer":0,"_type":1,"_cutDirection":1},{"_time":166,"_lineIndex":3,"_lineLayer":0,"_type":0,"_cutDirection":1},{"_time":167,"_lineIndex":2,"_lineLayer":0,"_type":1,"_cutDirection":1},{"_time":168,"_lineIndex":1,"_lineLayer":0,"_type":0,"_cutDirection":1},{"_time":169,"_lineIndex":0,"_lineLayer":0,"_type":1,"_cutDirection":1},{"_time":170,"_lineIndex":1,"_lineLayer":0,"_type":0,"_cutDirection":1},{"_time":171,"_lineIndex":0,"_lineLayer":0,"_type":1,"_cutDirection":1},{"_time":172,"_lineIndex":2,"_lineLayer":0,"_type":0,"_cutDirection":1},{"_time":173,"_lineIndex":1,"_lineLayer":0,"_type":1,"_cutDirection":1},{"_time":174,"_lineIndex":2,"_lineLayer":0,"_type":0,"_cutDirection":1},{"_time":175,"_lineIndex":1,"_lineLayer":0,"_type":1,"_cutDirection":1},{"_time":176,"_lineIndex":3,"_lineLayer":2,"_type":1,"_cutDirection":8},{"_time":176.75,"_lineIndex":1,"_lineLayer":2,"_type":0,"_cutDirection":8},{"_time":177.5,"_lineIndex":3,"_lineLayer":1,"_type":1,"_cutDirection":3},{"_time":178,"_lineIndex":2,"_lineLayer":0,"_type":1,"_cutDirection":6},{"_time":180,"_lineIndex":3,"_lineLayer":2,"_type":1,"_cutDirection":8},{"_time":181,"_lineIndex":3,"_lineLayer":2,"_type":1,"_cutDirection":8},{"_time":182,"_lineIndex":3,"_lineLayer":2,"_type":1,"_cutDirection":8},{"_time":183,"_lineIndex":3,"_lineLayer":2,"_type":1,"_cutDirection":8},{"_time":184,"_lineIndex":3,"_lineLayer":2,"_type":1,"_cutDirection":8},{"_time":185,"_lineIndex":3,"_lineLayer":2,"_type":1,"_cutDirection":8},{"_time":186,"_lineIndex":3,"_lineLayer":2,"_type":1,"_cutDirection":8},{"_time":187,"_lineIndex":3,"_lineLayer":2,"_type":1,"_cutDirection":8},{"_time":188,"_lineIndex":3,"_lineLayer":0,"_type":0,"_cutDirection":1},{"_time":189,"_lineIndex":2,"_lineLayer":0,"_type":1,"_cutDirection":1},{"_time":190,"_lineIndex":3,"_lineLayer":0,"_type":0,"_cutDirection":1},{"_time":191,"_lineIndex":2,"_lineLayer":0,"_type":1,"_cutDirection":1},{"_time":192,"_lineIndex":1,"_lineLayer":0,"_type":0,"_cutDirection":1},{"_time":193,"_lineIndex":0,"_lineLayer":0,"_type":1,"_cutDirection":1},{"_time":194,"_lineIndex":1,"_lineLayer":0,"_type":0,"_cutDirection":1},{"_time":195,"_lineIndex":0,"_lineLayer":0,"_type":1,"_cutDirection":1},{"_time":196,"_lineIndex":3,"_lineLayer":2,"_type":1,"_cutDirection":8},{"_time":197,"_lineIndex":3,"_lineLayer":2,"_type":1,"_cutDirection":8},{"_time":198,"_lineIndex":3,"_lineLayer":2,"_type":1,"_cutDirection":8},{"_time":199,"_lineIndex":3,"_lineLayer":2,"_type":1,"_cutDirection":8},{"_time":200,"_lineIndex":3,"_lineLayer":2,"_type":1,"_cutDirection":8},{"_time":201,"_lineIndex":3,"_lineLayer":2,"_type":1,"_cutDirection":8},{"_time":202,"_lineIndex":3,"_lineLayer":2,"_type":1,"_cutDirection":8},{"_time":203,"_lineIndex":3,"_lineLayer":2,"_type":1,"_cutDirection":8},{"_time":204,"_lineIndex":2,"_lineLayer":0,"_type":0,"_cutDirection":1},{"_time":205,"_lineIndex":1,"_lineLayer":0,"_type":1,"_cutDirection":1},{"_time":206,"_lineIndex":2,"_lineLayer":0,"_type":0,"_cutDirection":1},{"_time":207,"_lineIndex":1,"_lineLayer":0,"_type":1,"_cutDirection":1},{"_time":208,"_lineIndex":3,"_lineLayer":2,"_type":1,"_cutDirection":8},{"_time":208.75,"_lineIndex":1,"_lineLayer":2,"_type":0,"_cutDirection":8},{"_time":209.5,"_lineIndex":3,"_lineLayer":1,"_type":1,"_cutDirection":3},{"_time":210,"_lineIndex":2,"_lineLayer":0,"_type":1,"_cutDirection":6},{"_time":212,"_lineIndex":1,"_lineLayer":0,"_type":0,"_cutDirection":1},{"_time":213,"_lineIndex":3,"_lineLayer":1,"_type":1,"_cutDirection":3},{"_time":214,"_lineIndex":1,"_lineLayer":0,"_type":0,"_cutDirection":1},{"_time":216,"_lineIndex":1,"_lineLayer":0,"_type":0,"_cutDirection":1},{"_time":217,"_lineIndex":3,"_lineLayer":1,"_type":1,"_cutDirection":5},{"_time":218,"_lineIndex":1,"_lineLayer":0,"_type":0,"_cutDirection":1},{"_time":220,"_lineIndex":1,"_lineLayer":0,"_type":0,"_cutDirection":1},{"_time":221,"_lineIndex":3,"_lineLayer":1,"_type":1,"_cutDirection":5},{"_time":222,"_lineIndex":1,"_lineLayer":0,"_type":0,"_cutDirection":1},{"_time":224,"_lineIndex":1,"_lineLayer":0,"_type":0,"_cutDirection":1},{"_time":225,"_lineIndex":3,"_lineLayer":1,"_type":1,"_cutDirection":5},{"_time":226,"_lineIndex":1,"_lineLayer":0,"_type":0,"_cutDirection":1},{"_time":228,"_lineIndex":3,"_lineLayer":0,"_type":1,"_cutDirection":0},{"_time":229,"_lineIndex":2,"_lineLayer":0,"_type":0,"_cutDirection":1},{"_time":230,"_lineIndex":1,"_lineLayer":0,"_type":1,"_cutDirection":1},{"_time":231,"_lineIndex":0,"_lineLayer":0,"_type":0,"_cutDirection":0},{"_time":232,"_lineIndex":2,"_lineLayer":0,"_type":1,"_cutDirection":0},{"_time":233,"_lineIndex":1,"_lineLayer":0,"_type":0,"_cutDirection":1},{"_time":234,"_lineIndex":3,"_lineLayer":1,"_type":1,"_cutDirection":3},{"_time":235,"_lineIndex":2,"_lineLayer":0,"_type":1,"_cutDirection":1},{"_time":236,"_lineIndex":1,"_lineLayer":0,"_type":0,"_cutDirection":6},{"_time":237,"_lineIndex":3,"_lineLayer":1,"_type":1,"_cutDirection":3},{"_time":238,"_lineIndex":2,"_lineLayer":0,"_type":1,"_cutDirection":1},{"_time":238,"_lineIndex":1,"_lineLayer":0,"_type":0,"_cutDirection":1},{"_time":240,"_lineIndex":3,"_lineLayer":2,"_type":1,"_cutDirection":8},{"_time":240.75,"_lineIndex":1,"_lineLayer":2,"_type":0,"_cutDirection":8},{"_time":241.5,"_lineIndex":3,"_lineLayer":1,"_type":1,"_cutDirection":3},{"_time":242,"_lineIndex":2,"_lineLayer":0,"_type":1,"_cutDirection":6},{"_time":244,"_lineIndex":1,"_lineLayer":0,"_type":0,"_cutDirection":1},{"_time":245,"_lineIndex":3,"_lineLayer":1,"_type":1,"_cutDirection":5},{"_time":246,"_lineIndex":1,"_lineLayer":0,"_type":0,"_cutDirection":1},{"_time":247,"_lineIndex":3,"_lineLayer":1,"_type":1,"_cutDirection":5},{"_time":248,"_lineIndex":1,"_lineLayer":0,"_type":0,"_cutDirection":1},{"_time":249,"_lineIndex":3,"_lineLayer":1,"_type":1,"_cutDirection":5},{"_time":250,"_lineIndex":1,"_lineLayer":1,"_type":0,"_cutDirection":2},{"_time":251,"_lineIndex":3,"_lineLayer":2,"_type":1,"_cutDirection":5},{"_time":252,"_lineIndex":1,"_lineLayer":0,"_type":0,"_cutDirection":1},{"_time":253,"_lineIndex":3,"_lineLayer":1,"_type":1,"_cutDirection":5},{"_time":254,"_lineIndex":1,"_lineLayer":0,"_type":0,"_cutDirection":1},{"_time":255,"_lineIndex":3,"_lineLayer":1,"_type":1,"_cutDirection":5},{"_time":256,"_lineIndex":1,"_lineLayer":0,"_type":0,"_cutDirection":1},{"_time":257,"_lineIndex":3,"_lineLayer":1,"_type":1,"_cutDirection":5},{"_time":258,"_lineIndex":1,"_lineLayer":1,"_type":0,"_cutDirection":2},{"_time":259,"_lineIndex":3,"_lineLayer":2,"_type":1,"_cutDirection":5},{"_time":260,"_lineIndex":1,"_lineLayer":0,"_type":0,"_cutDirection":1},{"_time":261,"_lineIndex":3,"_lineLayer":1,"_type":1,"_cutDirection":5},{"_time":262,"_lineIndex":1,"_lineLayer":0,"_type":0,"_cutDirection":1},{"_time":263,"_lineIndex":3,"_lineLayer":1,"_type":1,"_cutDirection":5},{"_time":264,"_lineIndex":1,"_lineLayer":0,"_type":0,"_cutDirection":1},{"_time":265,"_lineIndex":3,"_lineLayer":1,"_type":1,"_cutDirection":5},{"_time":266,"_lineIndex":1,"_lineLayer":1,"_type":0,"_cutDirection":2},{"_time":267,"_lineIndex":3,"_lineLayer":2,"_type":1,"_cutDirection":5},{"_time":268,"_lineIndex":1,"_lineLayer":0,"_type":0,"_cutDirection":1},{"_time":269,"_lineIndex":3,"_lineLayer":1,"_type":1,"_cutDirection":5},{"_time":270,"_lineIndex":2,"_lineLayer":0,"_type":1,"_cutDirection":1},{"_time":271,"_lineIndex":1,"_lineLayer":0,"_type":0,"_cutDirection":1},{"_time":272,"_lineIndex":1,"_lineLayer":0,"_type":0,"_cutDirection":1},{"_time":272,"_lineIndex":2,"_lineLayer":0,"_type":1,"_cutDirection":1},{"_time":273,"_lineIndex":0,"_lineLayer":0,"_type":0,"_cutDirection":1},{"_time":273,"_lineIndex":3,"_lineLayer":0,"_type":1,"_cutDirection":1},{"_time":274,"_lineIndex":1,"_lineLayer":0,"_type":0,"_cutDirection":1},{"_time":274,"_lineIndex":2,"_lineLayer":0,"_type":1,"_cutDirection":1},{"_time":275,"_lineIndex":0,"_lineLayer":0,"_type":0,"_cutDirection":1},{"_time":275,"_lineIndex":3,"_lineLayer":0,"_type":1,"_cutDirection":1},{"_time":276,"_lineIndex":2,"_lineLayer":0,"_type":1,"_cutDirection":1},{"_time":276.75,"_lineIndex":1,"_lineLayer":0,"_type":0,"_cutDirection":1},{"_time":277.5,"_lineIndex":2,"_lineLayer":0,"_type":1,"_cutDirection":3},{"_time":280,"_lineIndex":2,"_lineLayer":0,"_type":1,"_cutDirection":1},{"_time":280.75,"_lineIndex":1,"_lineLayer":0,"_type":0,"_cutDirection":1},{"_time":281.5,"_lineIndex":2,"_lineLayer":0,"_type":1,"_cutDirection":3},{"_time":284,"_lineIndex":2,"_lineLayer":0,"_type":1,"_cutDirection":1},{"_time":284.75,"_lineIndex":1,"_lineLayer":0,"_type":0,"_cutDirection":1},{"_time":285.5,"_lineIndex":3,"_lineLayer":2,"_type":1,"_cutDirection":5},{"_time":288,"_lineIndex":2,"_lineLayer":0,"_type":1,"_cutDirection":1},{"_time":288.75,"_lineIndex":1,"_lineLayer":0,"_type":0,"_cutDirection":1},{"_time":289.5,"_lineIndex":1,"_lineLayer":0,"_type":0,"_cutDirection":0},{"_time":290,"_lineIndex":3,"_lineLayer":1,"_type":1,"_cutDirection":3},{"_time":291,"_lineIndex":0,"_lineLayer":2,"_type":0,"_cutDirection":4},{"_time":292,"_lineIndex":2,"_lineLayer":0,"_type":1,"_cutDirection":1},{"_time":292.75,"_lineIndex":1,"_lineLayer":0,"_type":0,"_cutDirection":1},{"_time":293.5,"_lineIndex":2,"_lineLayer":0,"_type":1,"_cutDirection":3},{"_time":296,"_lineIndex":2,"_lineLayer":0,"_type":1,"_cutDirection":1},{"_time":296.75,"_lineIndex":1,"_lineLayer":0,"_type":0,"_cutDirection":1},{"_time":297.5,"_lineIndex":2,"_lineLayer":0,"_type":1,"_cutDirection":3},{"_time":300,"_lineIndex":0,"_lineLayer":0,"_type":0,"_cutDirection":6},{"_time":300,"_lineIndex":3,"_lineLayer":0,"_type":1,"_cutDirection":7},{"_time":301.5,"_lineIndex":0,"_lineLayer":0,"_type":0,"_cutDirection":6},{"_time":301.5,"_lineIndex":3,"_lineLayer":0,"_type":1,"_cutDirection":7},{"_time":304,"_lineIndex":0,"_lineLayer":0,"_type":0,"_cutDirection":6},{"_time":304,"_lineIndex":3,"_lineLayer":0,"_type":1,"_cutDirection":7},{"_time":305.5,"_lineIndex":0,"_lineLayer":0,"_type":0,"_cutDirection":6},{"_time":305.5,"_lineIndex":3,"_lineLayer":0,"_type":1,"_cutDirection":7},{"_time":307,"_lineIndex":2,"_lineLayer":0,"_type":1,"_cutDirection":1},{"_time":308,"_lineIndex":1,"_lineLayer":0,"_type":0,"_cutDirection":0},{"_time":309,"_lineIndex":3,"_lineLayer":0,"_type":1,"_cutDirection":3},{"_time":310,"_lineIndex":1,"_lineLayer":0,"_type":0,"_cutDirection":2},{"_time":311,"_lineIndex":2,"_lineLayer":0,"_type":1,"_cutDirection":1},{"_time":312,"_lineIndex":0,"_lineLayer":0,"_type":0,"_cutDirection":6},{"_time":313,"_lineIndex":2,"_lineLayer":0,"_type":1,"_cutDirection":7},{"_time":314,"_lineIndex":1,"_lineLayer":0,"_type":0,"_cutDirection":7},{"_time":315,"_lineIndex":2,"_lineLayer":0,"_type":1,"_cutDirection":6},{"_time":316,"_lineIndex":0,"_lineLayer":0,"_type":0,"_cutDirection":1},{"_time":317,"_lineIndex":3,"_lineLayer":0,"_type":1,"_cutDirection":1},{"_time":318,"_lineIndex":0,"_lineLayer":0,"_type":0,"_cutDirection":1},{"_time":319,"_lineIndex":3,"_lineLayer":0,"_type":1,"_cutDirection":1},{"_time":320,"_lineIndex":0,"_lineLayer":1,"_type":0,"_cutDirection":4},{"_time":328,"_lineIndex":3,"_lineLayer":2,"_type":1,"_cutDirection":8},{"_time":329,"_lineIndex":3,"_lineLayer":2,"_type":1,"_cutDirection":8},{"_time":330,"_lineIndex":3,"_lineLayer":2,"_type":1,"_cutDirection":8},{"_time":331,"_lineIndex":3,"_lineLayer":2,"_type":1,"_cutDirection":8},{"_time":332,"_lineIndex":3,"_lineLayer":2,"_type":1,"_cutDirection":8},{"_time":333,"_lineIndex":3,"_lineLayer":2,"_type":1,"_cutDirection":8},{"_time":334,"_lineIndex":3,"_lineLayer":2,"_type":1,"_cutDirection":8},{"_time":335,"_lineIndex":3,"_lineLayer":2,"_type":1,"_cutDirection":8},{"_time":336,"_lineIndex":3,"_lineLayer":0,"_type":0,"_cutDirection":1},{"_time":337,"_lineIndex":2,"_lineLayer":0,"_type":1,"_cutDirection":1},{"_time":338,"_lineIndex":3,"_lineLayer":0,"_type":0,"_cutDirection":1},{"_time":339,"_lineIndex":2,"_lineLayer":0,"_type":1,"_cutDirection":1},{"_time":340,"_lineIndex":1,"_lineLayer":0,"_type":0,"_cutDirection":1},{"_time":341,"_lineIndex":0,"_lineLayer":0,"_type":1,"_cutDirection":1},{"_time":342,"_lineIndex":1,"_lineLayer":0,"_type":0,"_cutDirection":1},{"_time":343,"_lineIndex":0,"_lineLayer":0,"_type":1,"_cutDirection":1},{"_time":344,"_lineIndex":3,"_lineLayer":0,"_type":0,"_cutDirection":1},{"_time":345,"_lineIndex":2,"_lineLayer":0,"_type":1,"_cutDirection":1},{"_time":346,"_lineIndex":3,"_lineLayer":0,"_type":0,"_cutDirection":1},{"_time":347,"_lineIndex":2,"_lineLayer":0,"_type":1,"_cutDirection":1},{"_time":348,"_lineIndex":1,"_lineLayer":0,"_type":0,"_cutDirection":1},{"_time":349,"_lineIndex":0,"_lineLayer":0,"_type":1,"_cutDirection":1},{"_time":350,"_lineIndex":1,"_lineLayer":0,"_type":0,"_cutDirection":1},{"_time":351,"_lineIndex":0,"_lineLayer":0,"_type":1,"_cutDirection":1},{"_time":352,"_lineIndex":2,"_lineLayer":0,"_type":0,"_cutDirection":1},{"_time":353,"_lineIndex":1,"_lineLayer":0,"_type":1,"_cutDirection":1},{"_time":354,"_lineIndex":2,"_lineLayer":0,"_type":0,"_cutDirection":1},{"_time":355,"_lineIndex":1,"_lineLayer":0,"_type":1,"_cutDirection":1},{"_time":356,"_lineIndex":3,"_lineLayer":2,"_type":1,"_cutDirection":8},{"_time":356.75,"_lineIndex":1,"_lineLayer":2,"_type":0,"_cutDirection":8},{"_time":357.5,"_lineIndex":3,"_lineLayer":1,"_type":1,"_cutDirection":3},{"_time":358,"_lineIndex":2,"_lineLayer":0,"_type":1,"_cutDirection":6},{"_time":360,"_lineIndex":3,"_lineLayer":2,"_type":1,"_cutDirection":8},{"_time":361,"_lineIndex":3,"_lineLayer":2,"_type":1,"_cutDirection":8},{"_time":362,"_lineIndex":3,"_lineLayer":2,"_type":1,"_cutDirection":8},{"_time":363,"_lineIndex":3,"_lineLayer":2,"_type":1,"_cutDirection":8},{"_time":364,"_lineIndex":3,"_lineLayer":2,"_type":1,"_cutDirection":8},{"_time":365,"_lineIndex":3,"_lineLayer":2,"_type":1,"_cutDirection":8},{"_time":366,"_lineIndex":3,"_lineLayer":2,"_type":1,"_cutDirection":8},{"_time":367,"_lineIndex":3,"_lineLayer":2,"_type":1,"_cutDirection":8},{"_time":368,"_lineIndex":3,"_lineLayer":0,"_type":0,"_cutDirection":1},{"_time":369,"_lineIndex":2,"_lineLayer":0,"_type":1,"_cutDirection":1},{"_time":370,"_lineIndex":3,"_lineLayer":0,"_type":0,"_cutDirection":1},{"_time":371,"_lineIndex":2,"_lineLayer":0,"_type":1,"_cutDirection":1},{"_time":372,"_lineIndex":1,"_lineLayer":0,"_type":0,"_cutDirection":1},{"_time":373,"_lineIndex":0,"_lineLayer":0,"_type":1,"_cutDirection":1},{"_time":374,"_lineIndex":1,"_lineLayer":0,"_type":0,"_cutDirection":1},{"_time":375,"_lineIndex":0,"_lineLayer":0,"_type":1,"_cutDirection":1},{"_time":376,"_lineIndex":3,"_lineLayer":2,"_type":1,"_cutDirection":8},{"_time":377,"_lineIndex":3,"_lineLayer":2,"_type":1,"_cutDirection":8},{"_time":378,"_lineIndex":3,"_lineLayer":2,"_type":1,"_cutDirection":8},{"_time":379,"_lineIndex":3,"_lineLayer":2,"_type":1,"_cutDirection":8},{"_time":380,"_lineIndex":3,"_lineLayer":2,"_type":1,"_cutDirection":8},{"_time":381,"_lineIndex":3,"_lineLayer":2,"_type":1,"_cutDirection":8},{"_time":382,"_lineIndex":3,"_lineLayer":2,"_type":1,"_cutDirection":8},{"_time":383,"_lineIndex":3,"_lineLayer":2,"_type":1,"_cutDirection":8},{"_time":384,"_lineIndex":2,"_lineLayer":0,"_type":0,"_cutDirection":1},{"_time":385,"_lineIndex":1,"_lineLayer":0,"_type":1,"_cutDirection":1},{"_time":386,"_lineIndex":2,"_lineLayer":0,"_type":0,"_cutDirection":1},{"_time":387,"_lineIndex":1,"_lineLayer":0,"_type":1,"_cutDirection":1},{"_time":388,"_lineIndex":3,"_lineLayer":2,"_type":1,"_cutDirection":8},{"_time":388.75,"_lineIndex":1,"_lineLayer":2,"_type":0,"_cutDirection":8},{"_time":389.5,"_lineIndex":3,"_lineLayer":1,"_type":1,"_cutDirection":3},{"_time":390,"_lineIndex":2,"_lineLayer":0,"_type":1,"_cutDirection":6},{"_time":392,"_lineIndex":3,"_lineLayer":0,"_type":1,"_cutDirection":1},{"_time":393,"_lineIndex":3,"_lineLayer":0,"_type":1,"_cutDirection":3},{"_time":394,"_lineIndex":3,"_lineLayer":0,"_type":1,"_cutDirection":7},{"_time":396,"_lineIndex":0,"_lineLayer":0,"_type":0,"_cutDirection":1},{"_time":397,"_lineIndex":0,"_lineLayer":0,"_type":0,"_cutDirection":3},{"_time":398,"_lineIndex":0,"_lineLayer":0,"_type":0,"_cutDirection":6},{"_time":400,"_lineIndex":3,"_lineLayer":0,"_type":1,"_cutDirection":7},{"_time":401,"_lineIndex":2,"_lineLayer":0,"_type":1,"_cutDirection":6},{"_time":402,"_lineIndex":3,"_lineLayer":0,"_type":1,"_cutDirection":7},{"_time":404,"_lineIndex":0,"_lineLayer":0,"_type":0,"_cutDirection":6},{"_time":405,"_lineIndex":1,"_lineLayer":0,"_type":0,"_cutDirection":7},{"_time":406,"_lineIndex":0,"_lineLayer":0,"_type":0,"_cutDirection":6},{"_time":408,"_lineIndex":3,"_lineLayer":0,"_type":1,"_cutDirection":0},{"_time":409,"_lineIndex":2,"_lineLayer":0,"_type":0,"_cutDirection":0},{"_time":410,"_lineIndex":0,"_lineLayer":0,"_type":0,"_cutDirection":1},{"_time":411,"_lineIndex":1,"_lineLayer":0,"_type":1,"_cutDirection":1},{"_time":412,"_lineIndex":2,"_lineLayer":0,"_type":1,"_cutDirection":0},{"_time":413,"_lineIndex":1,"_lineLayer":0,"_type":0,"_cutDirection":0},{"_time":414,"_lineIndex":1,"_lineLayer":0,"_type":0,"_cutDirection":1},{"_time":415,"_lineIndex":3,"_lineLayer":1,"_type":1,"_cutDirection":3},{"_time":416,"_lineIndex":1,"_lineLayer":0,"_type":0,"_cutDirection":1},{"_time":417,"_lineIndex":3,"_lineLayer":1,"_type":1,"_cutDirection":3},{"_time":418,"_lineIndex":1,"_lineLayer":0,"_type":0,"_cutDirection":1},{"_time":419,"_lineIndex":0,"_lineLayer":1,"_type":0,"_cutDirection":2},{"_time":420,"_lineIndex":2,"_lineLayer":0,"_type":1,"_cutDirection":1},{"_time":421,"_lineIndex":3,"_lineLayer":1,"_type":1,"_cutDirection":3},{"_time":422,"_lineIndex":3,"_lineLayer":0,"_type":1,"_cutDirection":7},{"_time":423,"_lineIndex":0,"_lineLayer":2,"_type":0,"_cutDirection":4},{"_time":424,"_lineIndex":1,"_lineLayer":0,"_type":0,"_cutDirection":7},{"_time":424,"_lineIndex":2,"_lineLayer":0,"_type":1,"_cutDirection":6},{"_time":424,"_lineIndex":3,"_lineLayer":0,"_type":3,"_cutDirection":1},{"_time":424,"_lineIndex":0,"_lineLayer":0,"_type":3,"_cutDirection":1},{"_time":428,"_lineIndex":3,"_lineLayer":2,"_type":1,"_cutDirection":8},{"_time":428.75,"_lineIndex":1,"_lineLayer":2,"_type":0,"_cutDirection":8},{"_time":429.5,"_lineIndex":3,"_lineLayer":1,"_type":1,"_cutDirection":3},{"_time":430,"_lineIndex":2,"_lineLayer":0,"_type":1,"_cutDirection":6},{"_time":432,"_lineIndex":3,"_lineLayer":2,"_type":1,"_cutDirection":8},{"_time":433,"_lineIndex":3,"_lineLayer":2,"_type":1,"_cutDirection":8},{"_time":434,"_lineIndex":3,"_lineLayer":2,"_type":1,"_cutDirection":8},{"_time":435,"_lineIndex":3,"_lineLayer":2,"_type":1,"_cutDirection":8},{"_time":436,"_lineIndex":3,"_lineLayer":2,"_type":1,"_cutDirection":8},{"_time":437,"_lineIndex":3,"_lineLayer":2,"_type":1,"_cutDirection":8},{"_time":438,"_lineIndex":3,"_lineLayer":2,"_type":1,"_cutDirection":8},{"_time":439,"_lineIndex":3,"_lineLayer":2,"_type":1,"_cutDirection":8},{"_time":440,"_lineIndex":3,"_lineLayer":0,"_type":0,"_cutDirection":1},{"_time":441,"_lineIndex":2,"_lineLayer":0,"_type":1,"_cutDirection":1},{"_time":442,"_lineIndex":3,"_lineLayer":0,"_type":0,"_cutDirection":1},{"_time":443,"_lineIndex":2,"_lineLayer":0,"_type":1,"_cutDirection":1},{"_time":444,"_lineIndex":1,"_lineLayer":0,"_type":0,"_cutDirection":1},{"_time":445,"_lineIndex":0,"_lineLayer":0,"_type":1,"_cutDirection":1},{"_time":446,"_lineIndex":1,"_lineLayer":0,"_type":0,"_cutDirection":1},{"_time":447,"_lineIndex":0,"_lineLayer":0,"_type":1,"_cutDirection":1},{"_time":448,"_lineIndex":3,"_lineLayer":2,"_type":1,"_cutDirection":8},{"_time":449,"_lineIndex":3,"_lineLayer":2,"_type":1,"_cutDirection":8},{"_time":450,"_lineIndex":3,"_lineLayer":2,"_type":1,"_cutDirection":8},{"_time":451,"_lineIndex":3,"_lineLayer":2,"_type":1,"_cutDirection":8},{"_time":452,"_lineIndex":3,"_lineLayer":2,"_type":1,"_cutDirection":8},{"_time":453,"_lineIndex":3,"_lineLayer":2,"_type":1,"_cutDirection":8},{"_time":454,"_lineIndex":3,"_lineLayer":2,"_type":1,"_cutDirection":8},{"_time":455,"_lineIndex":3,"_lineLayer":2,"_type":1,"_cutDirection":8},{"_time":456,"_lineIndex":2,"_lineLayer":0,"_type":0,"_cutDirection":1},{"_time":457,"_lineIndex":1,"_lineLayer":0,"_type":1,"_cutDirection":1},{"_time":458,"_lineIndex":2,"_lineLayer":0,"_type":0,"_cutDirection":1},{"_time":459,"_lineIndex":1,"_lineLayer":0,"_type":1,"_cutDirection":1},{"_time":460,"_lineIndex":3,"_lineLayer":2,"_type":1,"_cutDirection":8},{"_time":460.75,"_lineIndex":1,"_lineLayer":2,"_type":0,"_cutDirection":8},{"_time":461.5,"_lineIndex":3,"_lineLayer":1,"_type":1,"_cutDirection":3},{"_time":462,"_lineIndex":2,"_lineLayer":0,"_type":1,"_cutDirection":6},{"_time":468,"_lineIndex":3,"_lineLayer":0,"_type":1,"_cutDirection":7},{"_time":468,"_lineIndex":0,"_lineLayer":0,"_type":0,"_cutDirection":6}],"_obstacles":[{"_time":156,"_lineIndex":0,"_type":0,"_duration":1,"_width":1},{"_time":157,"_lineIndex":0,"_type":0,"_duration":1,"_width":1},{"_time":160,"_lineIndex":3,"_type":0,"_duration":1,"_width":1},{"_time":161,"_lineIndex":3,"_type":0,"_duration":1,"_width":1},{"_time":162,"_lineIndex":3,"_type":0,"_duration":1,"_width":1},{"_time":164,"_lineIndex":0,"_type":0,"_duration":1,"_width":1},{"_time":165,"_lineIndex":0,"_type":0,"_duration":1,"_width":1},{"_time":168,"_lineIndex":3,"_type":0,"_duration":1,"_width":1},{"_time":169,"_lineIndex":3,"_type":0,"_duration":1,"_width":1},{"_time":170,"_lineIndex":3,"_type":0,"_duration":1,"_width":1},{"_time":188,"_lineIndex":0,"_type":0,"_duration":1,"_width":1},{"_time":189,"_lineIndex":0,"_type":0,"_duration":1,"_width":1},{"_time":192,"_lineIndex":3,"_type":0,"_duration":1,"_width":1},{"_time":193,"_lineIndex":3,"_type":0,"_duration":1,"_width":1},{"_time":228,"_lineIndex":0,"_type":0,"_duration":1,"_width":1},{"_time":230,"_lineIndex":3,"_type":0,"_duration":1,"_width":1},{"_time":336,"_lineIndex":0,"_type":0,"_duration":1,"_width":1},{"_time":337,"_lineIndex":0,"_type":0,"_duration":1,"_width":1},{"_time":340,"_lineIndex":3,"_type":0,"_duration":1,"_width":1},{"_time":341,"_lineIndex":3,"_type":0,"_duration":1,"_width":1},{"_time":344,"_lineIndex":0,"_type":0,"_duration":1,"_width":1},{"_time":345,"_lineIndex":0,"_type":0,"_duration":1,"_width":1},{"_time":348,"_lineIndex":3,"_type":0,"_duration":1,"_width":1},{"_time":349,"_lineIndex":3,"_type":0,"_duration":1,"_width":1},{"_time":368,"_lineIndex":0,"_type":0,"_duration":1,"_width":1},{"_time":369,"_lineIndex":0,"_type":0,"_duration":1,"_width":1},{"_time":372,"_lineIndex":3,"_type":0,"_duration":1,"_width":1},{"_time":373,"_lineIndex":3,"_type":0,"_duration":1,"_width":1},{"_time":392,"_lineIndex":0,"_type":0,"_duration":1,"_width":1},{"_time":393,"_lineIndex":0,"_type":0,"_duration":1,"_width":1},{"_time":396,"_lineIndex":3,"_type":0,"_duration":1,"_width":1},{"_time":397,"_lineIndex":3,"_type":0,"_duration":1,"_width":1},{"_time":400,"_lineIndex":0,"_type":0,"_duration":1,"_width":1},{"_time":401,"_lineIndex":0,"_type":0,"_duration":1,"_width":1},{"_time":404,"_lineIndex":3,"_type":0,"_duration":1,"_width":1},{"_time":405,"_lineIndex":3,"_type":0,"_duration":1,"_width":1},{"_time":408,"_lineIndex":0,"_type":0,"_duration":1,"_width":1},{"_time":410,"_lineIndex":3,"_type":0,"_duration":1,"_width":1},{"_time":440,"_lineIndex":0,"_type":0,"_duration":1,"_width":1},{"_time":441,"_lineIndex":0,"_type":0,"_duration":1,"_width":1},{"_time":444,"_lineIndex":3,"_type":0,"_duration":1,"_width":1},{"_time":445,"_lineIndex":3,"_type":0,"_duration":1,"_width":1}]}