{"_version":"1.5.0","_beatsPerMinute":125,"_beatsPerBar":16,"_noteJumpSpeed":10,"_shuffle":0,"_shufflePeriod":0.25,"_events":[{"_time":0,"_type":0,"_value":1},{"_time":5,"_type":12,"_value":1},{"_time":5,"_type":13,"_value":1},{"_time":5,"_type":8,"_value":1},{"_time":5,"_type":0,"_value":3},{"_time":5,"_type":1,"_value":3},{"_time":5,"_type":2,"_value":3},{"_time":5,"_type":3,"_value":3},{"_time":5,"_type":4,"_value":3},{"_time":7,"_type":3,"_value":3},{"_time":7,"_type":4,"_value":3},{"_time":9,"_type":1,"_value":7},{"_time":9,"_type":1,"_value":7},{"_time":11,"_type":1,"_value":7},{"_time":11,"_type":2,"_value":7},{"_time":13,"_type":3,"_value":3},{"_time":13,"_type":4,"_value":3},{"_time":15,"_type":3,"_value":3},{"_time":15,"_type":4,"_value":3},{"_time":17,"_type":3,"_value":3},{"_time":17,"_type":4,"_value":3},{"_time":19,"_type":1,"_value":3},{"_time":19,"_type":2,"_value":3},{"_time":21,"_type":8,"_value":1},{"_time":21,"_type":1,"_value":1},{"_time":21,"_type":2,"_value":1},{"_time":21,"_type":3,"_value":1},{"_time":21,"_type":4,"_value":1},{"_time":25,"_type":1,"_value":5},{"_time":25,"_type":2,"_value":5},{"_time":25,"_type":3,"_value":5},{"_time":27,"_type":4,"_value":5},{"_time":29,"_type":1,"_value":3},{"_time":29,"_type":2,"_value":3},{"_time":29,"_type":3,"_value":3},{"_time":29,"_type":4,"_value":3},{"_time":30,"_type":0,"_value":3},{"_time":31,"_type":1,"_value":3},{"_time":31,"_type":2,"_value":3},{"_time":31,"_type":3,"_value":3},{"_time":31,"_type":4,"_value":3},{"_time":33,"_type":1,"_value":7},{"_time":33,"_type":2,"_value":7},{"_time":33,"_type":3,"_value":7},{"_time":33,"_type":4,"_value":7},{"_time":36,"_type":0,"_value":1},{"_time":36,"_type":1,"_value":1},{"_time":36,"_type":2,"_value":1},{"_time":36,"_type":3,"_value":1},{"_time":36,"_type":4,"_value":1},{"_time":37,"_type":8,"_value":1},{"_time":37,"_type":12,"_value":7},{"_time":37,"_type":13,"_value":7},{"_time":37,"_type":0,"_value":3},{"_time":37,"_type":1,"_value":3},{"_time":37,"_type":2,"_value":3},{"_time":37,"_type":3,"_value":3},{"_time":37,"_type":4,"_value":3},{"_time":38,"_type":1,"_value":3},{"_time":39,"_type":12,"_value":1},{"_time":39,"_type":13,"_value":1},{"_time":39,"_type":2,"_value":1},{"_time":39,"_type":3,"_value":1},{"_time":40,"_type":0,"_value":7},{"_time":40,"_type":1,"_value":7},{"_time":40,"_type":2,"_value":7},{"_time":40,"_type":3,"_value":7},{"_time":40,"_type":4,"_value":7},{"_time":41,"_type":0,"_value":3},{"_time":41,"_type":1,"_value":3},{"_time":41,"_type":2,"_value":3},{"_time":41,"_type":3,"_value":3},{"_time":41,"_type":4,"_value":3},{"_time":44,"_type":0,"_value":7},{"_time":44,"_type":1,"_value":7},{"_time":44,"_type":2,"_value":7},{"_time":44,"_type":3,"_value":7},{"_time":44,"_type":4,"_value":7},{"_time":45,"_type":0,"_value":3},{"_time":45,"_type":1,"_value":3},{"_time":45,"_type":2,"_value":3},{"_time":45,"_type":3,"_value":3},{"_time":45,"_type":4,"_value":3},{"_time":47,"_type":2,"_value":1},{"_time":47,"_type":3,"_value":1},{"_time":49,"_type":0,"_value":1},{"_time":49,"_type":1,"_value":1},{"_time":49,"_type":4,"_value":1},{"_time":50,"_type":0,"_value":3},{"_time":50,"_type":1,"_value":3},{"_time":51,"_type":2,"_value":3},{"_time":51,"_type":3,"_value":3},{"_time":52,"_type":2,"_value":7},{"_time":52,"_type":3,"_value":7},{"_time":53,"_type":8,"_value":1},{"_time":53,"_type":12,"_value":7},{"_time":53,"_type":13,"_value":7},{"_time":53,"_type":0,"_value":3},{"_time":53,"_type":4,"_value":3},{"_time":55,"_type":12,"_value":1},{"_time":55,"_type":13,"_value":1},{"_time":55,"_type":2,"_value":3},{"_time":55,"_type":3,"_value":3},{"_time":57,"_type":0,"_value":3},{"_time":57,"_type":1,"_value":3},{"_time":57,"_type":4,"_value":3},{"_time":58,"_type":1,"_value":7},{"_time":59,"_type":2,"_value":7},{"_time":59,"_type":3,"_value":7},{"_time":60,"_type":3,"_value":3},{"_time":60.5,"_type":3,"_value":3},{"_time":60.5,"_type":2,"_value":3},{"_time":61,"_type":0,"_value":3},{"_time":61,"_type":1,"_value":7},{"_time":61,"_type":4,"_value":7},{"_time":63,"_type":0,"_value":3},{"_time":63,"_type":1,"_value":3},{"_time":63,"_type":4,"_value":3},{"_time":65,"_type":1,"_value":7},{"_time":65,"_type":2,"_value":7},{"_time":65,"_type":3,"_value":7},{"_time":69,"_type":0,"_value":3},{"_time":69,"_type":1,"_value":3},{"_time":69,"_type":2,"_value":3},{"_time":69,"_type":3,"_value":3},{"_time":69,"_type":4,"_value":3},{"_time":71,"_type":2,"_value":7},{"_time":71,"_type":3,"_value":7},{"_time":72,"_type":2,"_value":3},{"_time":73,"_type":3,"_value":3},{"_time":76,"_type":2,"_value":7},{"_time":76,"_type":3,"_value":7},{"_time":76.5,"_type":2,"_value":3},{"_time":76.5,"_type":3,"_value":3},{"_time":77,"_type":2,"_value":7},{"_time":77,"_type":3,"_value":7},{"_time":79,"_type":0,"_value":3},{"_time":79,"_type":1,"_value":3},{"_time":79,"_type":4,"_value":3},{"_time":81,"_type":0,"_value":7},{"_time":81,"_type":1,"_value":7},{"_time":82,"_type":1,"_value":7},{"_time":82,"_type":4,"_value":7},{"_time":83,"_type":1,"_value":3},{"_time":83,"_type":4,"_value":3},{"_time":84,"_type":0,"_value":1},{"_time":84,"_type":1,"_value":1},{"_time":84,"_type":2,"_value":1},{"_time":84,"_type":3,"_value":1},{"_time":84,"_type":4,"_value":1},{"_time":85,"_type":8,"_value":1},{"_time":85,"_type":12,"_value":7},{"_time":85,"_type":13,"_value":7},{"_time":85,"_type":0,"_value":3},{"_time":85,"_type":1,"_value":3},{"_time":85,"_type":2,"_value":3},{"_time":85,"_type":3,"_value":3},{"_time":85,"_type":4,"_value":3},{"_time":87,"_type":12,"_value":1},{"_time":87,"_type":13,"_value":1},{"_time":87,"_type":2,"_value":7},{"_time":87,"_type":3,"_value":7},{"_time":89,"_type":1,"_value":7},{"_time":89,"_type":4,"_value":7},{"_time":91,"_type":2,"_value":3},{"_time":91,"_type":3,"_value":3},{"_time":93,"_type":0,"_value":3},{"_time":93,"_type":4,"_value":3},{"_time":95,"_type":2,"_value":7},{"_time":95,"_type":3,"_value":7},{"_time":97,"_type":2,"_value":7},{"_time":97,"_type":3,"_value":7},{"_time":98,"_type":4,"_value":3},{"_time":99,"_type":0,"_value":3},{"_time":101,"_type":8,"_value":1},{"_time":101,"_type":0,"_value":1},{"_time":101,"_type":1,"_value":1},{"_time":101,"_type":2,"_value":1},{"_time":101,"_type":3,"_value":1},{"_time":101,"_type":4,"_value":1},{"_time":105,"_type":0,"_value":1},{"_time":105,"_type":1,"_value":1},{"_time":105,"_type":2,"_value":0},{"_time":105,"_type":3,"_value":0},{"_time":105,"_type":4,"_value":0},{"_time":109,"_type":0,"_value":0},{"_time":109,"_type":1,"_value":0},{"_time":109,"_type":2,"_value":1},{"_time":109,"_type":3,"_value":1},{"_time":109,"_type":4,"_value":0},{"_time":113,"_type":0,"_value":3},{"_time":113,"_type":1,"_value":3},{"_time":113,"_type":2,"_value":3},{"_time":113,"_type":3,"_value":3},{"_time":113,"_type":4,"_value":3},{"_time":113,"_type":12,"_value":0},{"_time":113,"_type":13,"_value":0},{"_time":117,"_type":12,"_value":1},{"_time":117,"_type":13,"_value":1},{"_time":117,"_type":8,"_value":1},{"_time":117,"_type":2,"_value":3},{"_time":117,"_type":3,"_value":3},{"_time":117,"_type":12,"_value":3},{"_time":117,"_type":13,"_value":3},{"_time":119,"_type":0,"_value":5},{"_time":119,"_type":1,"_value":5},{"_time":119,"_type":2,"_value":5},{"_time":119,"_type":3,"_value":5},{"_time":119,"_type":4,"_value":5},{"_time":121,"_type":12,"_value":2},{"_time":121,"_type":13,"_value":2},{"_time":121,"_type":0,"_value":0},{"_time":121,"_type":1,"_value":6},{"_time":121,"_type":2,"_value":5},{"_time":121,"_type":3,"_value":5},{"_time":121,"_type":4,"_value":0},{"_time":125,"_type":0,"_value":5},{"_time":125,"_type":1,"_value":5},{"_time":125,"_type":2,"_value":0},{"_time":125,"_type":3,"_value":0},{"_time":125,"_type":4,"_value":5},{"_time":129,"_type":0,"_value":1},{"_time":129,"_type":1,"_value":1},{"_time":129,"_type":2,"_value":1},{"_time":129,"_type":3,"_value":1},{"_time":129,"_type":4,"_value":1},{"_time":133,"_type":8,"_value":1},{"_time":135,"_type":12,"_value":6},{"_time":135,"_type":13,"_value":6},{"_time":135,"_type":0,"_value":5},{"_time":135,"_type":1,"_value":5},{"_time":135,"_type":2,"_value":5},{"_time":135,"_type":3,"_value":5},{"_time":135,"_type":4,"_value":5},{"_time":137,"_type":12,"_value":3},{"_time":137,"_type":13,"_value":3},{"_time":139,"_type":0,"_value":1},{"_time":139,"_type":1,"_value":1},{"_time":139,"_type":2,"_value":0},{"_time":139,"_type":3,"_value":0},{"_time":139,"_type":4,"_value":1},{"_time":143,"_type":0,"_value":0},{"_time":143,"_type":1,"_value":0},{"_time":143,"_type":2,"_value":1},{"_time":143,"_type":3,"_value":1},{"_time":143,"_type":4,"_value":0},{"_time":147,"_type":0,"_value":3},{"_time":147,"_type":1,"_value":3},{"_time":147,"_type":2,"_value":3},{"_time":147,"_type":3,"_value":3},{"_time":147,"_type":4,"_value":3},{"_time":149,"_type":0,"_value":0},{"_time":149,"_type":1,"_value":5},{"_time":149,"_type":2,"_value":5},{"_time":149,"_type":3,"_value":5},{"_time":149,"_type":4,"_value":5},{"_time":151,"_type":8,"_value":1},{"_time":157,"_type":0,"_value":1},{"_time":157,"_type":1,"_value":1},{"_time":157,"_type":2,"_value":0},{"_time":157,"_type":3,"_value":0},{"_time":157,"_type":4,"_value":1},{"_time":161,"_type":0,"_value":0},{"_time":161,"_type":1,"_value":0},{"_time":161,"_type":2,"_value":1},{"_time":161,"_type":3,"_value":0},{"_time":161,"_type":4,"_value":1},{"_time":162,"_type":2,"_value":0},{"_time":162,"_type":3,"_value":1},{"_time":163,"_type":2,"_value":1},{"_time":163,"_type":3,"_value":0},{"_time":163,"_type":2,"_value":0},{"_time":163,"_type":3,"_value":0},{"_time":165,"_type":8,"_value":1},{"_time":167,"_type":12,"_value":7},{"_time":167,"_type":13,"_value":5},{"_time":167,"_type":0,"_value":0},{"_time":167,"_type":1,"_value":5},{"_time":167,"_type":2,"_value":5},{"_time":167,"_type":3,"_value":5},{"_time":167,"_type":4,"_value":5},{"_time":173,"_type":0,"_value":1},{"_time":173,"_type":1,"_value":1},{"_time":173,"_type":2,"_value":1},{"_time":173,"_type":3,"_value":1},{"_time":173,"_type":4,"_value":0},{"_time":181,"_type":12,"_value":0},{"_time":181,"_type":13,"_value":0},{"_time":181,"_type":0,"_value":3},{"_time":181,"_type":1,"_value":3},{"_time":181,"_type":2,"_value":3},{"_time":181,"_type":3,"_value":3},{"_time":181,"_type":4,"_value":3},{"_time":183,"_type":0,"_value":1},{"_time":183,"_type":1,"_value":0},{"_time":183,"_type":2,"_value":0},{"_time":183,"_type":3,"_value":0},{"_time":183,"_type":4,"_value":1},{"_time":189,"_type":12,"_value":1},{"_time":189,"_type":13,"_value":1},{"_time":189,"_type":0,"_value":5},{"_time":189,"_type":1,"_value":5},{"_time":189,"_type":2,"_value":0},{"_time":189,"_type":3,"_value":0},{"_time":189,"_type":4,"_value":5},{"_time":197,"_type":8,"_value":1},{"_time":197,"_type":0,"_value":1},{"_time":197,"_type":1,"_value":0},{"_time":197,"_type":2,"_value":1},{"_time":197,"_type":3,"_value":1},{"_time":197,"_type":4,"_value":0},{"_time":201,"_type":0,"_value":5},{"_time":201,"_type":1,"_value":0},{"_time":201,"_type":2,"_value":5},{"_time":201,"_type":3,"_value":5},{"_time":201,"_type":4,"_value":0},{"_time":207,"_type":0,"_value":1},{"_time":207,"_type":1,"_value":1},{"_time":207,"_type":2,"_value":1},{"_time":207,"_type":3,"_value":1},{"_time":207,"_type":4,"_value":0},{"_time":213,"_type":12,"_value":0},{"_time":213,"_type":13,"_value":0},{"_time":213,"_type":8,"_value":1},{"_time":213,"_type":0,"_value":1},{"_time":213,"_type":1,"_value":0},{"_time":213,"_type":2,"_value":0},{"_time":213,"_type":3,"_value":0},{"_time":213,"_type":4,"_value":1},{"_time":221,"_type":0,"_value":5},{"_time":221,"_type":1,"_value":5},{"_time":221,"_type":4,"_value":5},{"_time":227,"_type":0,"_value":0},{"_time":227,"_type":1,"_value":0},{"_time":227,"_type":2,"_value":3},{"_time":227,"_type":3,"_value":3},{"_time":227,"_type":4,"_value":0},{"_time":229,"_type":0,"_value":1},{"_time":229,"_type":1,"_value":0},{"_time":229,"_type":2,"_value":0},{"_time":229,"_type":3,"_value":0},{"_time":229,"_type":4,"_value":1},{"_time":231,"_type":0,"_value":5},{"_time":231,"_type":4,"_value":5},{"_time":231,"_type":0,"_value":1},{"_time":231,"_type":1,"_value":0},{"_time":231,"_type":2,"_value":0},{"_time":231,"_type":3,"_value":0},{"_time":231,"_type":4,"_value":1},{"_time":241,"_type":2,"_value":3},{"_time":241,"_type":3,"_value":0},{"_time":241,"_type":2,"_value":0},{"_time":241.5,"_type":3,"_value":3},{"_time":242,"_type":2,"_value":3},{"_time":242.5,"_type":3,"_value":0},{"_time":243,"_type":1,"_value":3},{"_time":243,"_type":2,"_value":3},{"_time":243,"_type":3,"_value":3},{"_time":245,"_type":8,"_value":1},{"_time":245,"_type":4,"_value":3},{"_time":247,"_type":12,"_value":3},{"_time":247,"_type":13,"_value":6},{"_time":247,"_type":0,"_value":5},{"_time":247,"_type":1,"_value":5},{"_time":247,"_type":2,"_value":5},{"_time":247,"_type":3,"_value":5},{"_time":247,"_type":4,"_value":5},{"_time":253,"_type":12,"_value":2},{"_time":253,"_type":13,"_value":3},{"_time":253,"_type":0,"_value":1},{"_time":253,"_type":1,"_value":3},{"_time":253,"_type":2,"_value":1},{"_time":253,"_type":3,"_value":1},{"_time":253,"_type":4,"_value":3},{"_time":254,"_type":1,"_value":1},{"_time":254,"_type":4,"_value":1},{"_time":257,"_type":2,"_value":3},{"_time":257,"_type":3,"_value":0},{"_time":258,"_type":2,"_value":0},{"_time":258,"_type":3,"_value":3},{"_time":247,"_type":12,"_value":0},{"_time":247,"_type":13,"_value":0},{"_time":261,"_type":8,"_value":1},{"_time":247,"_type":12,"_value":6},{"_time":247,"_type":13,"_value":4},{"_time":263,"_type":0,"_value":5},{"_time":263,"_type":1,"_value":5},{"_time":263,"_type":2,"_value":7},{"_time":263,"_type":3,"_value":7},{"_time":263,"_type":4,"_value":5},{"_time":265,"_type":2,"_value":5},{"_time":265,"_type":3,"_value":5},{"_time":273,"_type":0,"_value":3},{"_time":273,"_type":1,"_value":1},{"_time":273,"_type":2,"_value":1},{"_time":273,"_type":3,"_value":1},{"_time":273,"_type":4,"_value":1},{"_time":277,"_type":8,"_value":1},{"_time":277,"_type":0,"_value":1},{"_time":277,"_type":1,"_value":1},{"_time":277,"_type":2,"_value":3},{"_time":277,"_type":3,"_value":3},{"_time":277,"_type":4,"_value":1},{"_time":281,"_type":2,"_value":1},{"_time":281,"_type":3,"_value":1},{"_time":285,"_type":12,"_value":5},{"_time":285,"_type":13,"_value":3},{"_time":289,"_type":0,"_value":3},{"_time":289,"_type":1,"_value":1},{"_time":289,"_type":2,"_value":3},{"_time":289,"_type":3,"_value":3},{"_time":289,"_type":4,"_value":1},{"_time":290,"_type":0,"_value":3},{"_time":290,"_type":1,"_value":1},{"_time":290,"_type":2,"_value":3},{"_time":290,"_type":3,"_value":3},{"_time":290,"_type":4,"_value":1},{"_time":291,"_type":0,"_value":3},{"_time":291,"_type":1,"_value":1},{"_time":291,"_type":2,"_value":3},{"_time":291,"_type":3,"_value":3},{"_time":291,"_type":4,"_value":1},{"_time":292,"_type":0,"_value":0},{"_time":292,"_type":1,"_value":0},{"_time":292,"_type":2,"_value":0},{"_time":292,"_type":3,"_value":0},{"_time":292,"_type":4,"_value":0},{"_time":295,"_type":8,"_value":1},{"_time":295,"_type":0,"_value":7},{"_time":295,"_type":1,"_value":5},{"_time":295,"_type":2,"_value":5},{"_time":295,"_type":3,"_value":5},{"_time":295,"_type":4,"_value":5},{"_time":297,"_type":0,"_value":5},{"_time":301,"_type":0,"_value":1},{"_time":301,"_type":1,"_value":1},{"_time":301,"_type":2,"_value":1},{"_time":301,"_type":3,"_value":1},{"_time":301,"_type":4,"_value":1},{"_time":309,"_type":8,"_value":1},{"_time":309,"_type":12,"_value":0},{"_time":309,"_type":13,"_value":0},{"_time":309,"_type":0,"_value":3},{"_time":309,"_type":1,"_value":0},{"_time":309,"_type":2,"_value":0},{"_time":309,"_type":3,"_value":0},{"_time":309,"_type":4,"_value":3},{"_time":317,"_type":0,"_value":1},{"_time":325,"_type":0,"_value":5},{"_time":333,"_type":0,"_value":0},{"_time":341,"_type":1,"_value":1},{"_time":344,"_type":3,"_value":3},{"_time":344.5,"_type":2,"_value":7},{"_time":344,"_type":3,"_value":3},{"_time":345,"_type":2,"_value":7},{"_time":344,"_type":2,"_value":7},{"_time":344.5,"_type":3,"_value":3},{"_time":344,"_type":2,"_value":7},{"_time":345,"_type":3,"_value":3},{"_time":344,"_type":3,"_value":3},{"_time":344.5,"_type":2,"_value":7},{"_time":344,"_type":3,"_value":3},{"_time":345,"_type":2,"_value":7},{"_time":357,"_type":8,"_value":1},{"_time":359,"_type":12,"_value":6},{"_time":359,"_type":13,"_value":4},{"_time":359,"_type":0,"_value":5},{"_time":359,"_type":1,"_value":5},{"_time":359,"_type":2,"_value":7},{"_time":359,"_type":3,"_value":7},{"_time":359,"_type":4,"_value":5},{"_time":361,"_type":2,"_value":5},{"_time":361,"_type":3,"_value":5},{"_time":369,"_type":0,"_value":1},{"_time":369,"_type":1,"_value":1},{"_time":369,"_type":2,"_value":0},{"_time":369,"_type":3,"_value":0},{"_time":369,"_type":4,"_value":0},{"_time":371,"_type":2,"_value":1},{"_time":371,"_type":3,"_value":1},{"_time":371,"_type":4,"_value":1},{"_time":373,"_type":8,"_value":1},{"_time":369,"_type":2,"_value":3},{"_time":369,"_type":3,"_value":3},{"_time":369,"_type":4,"_value":3},{"_time":373,"_type":12,"_value":3},{"_time":373,"_type":13,"_value":5},{"_time":373,"_type":8,"_value":1},{"_time":375,"_type":0,"_value":5},{"_time":375,"_type":1,"_value":5},{"_time":375,"_type":2,"_value":7},{"_time":375,"_type":3,"_value":7},{"_time":375,"_type":4,"_value":5},{"_time":381,"_type":0,"_value":3},{"_time":381,"_type":1,"_value":1},{"_time":381,"_type":2,"_value":1},{"_time":381,"_type":3,"_value":1},{"_time":381,"_type":4,"_value":1},{"_time":389,"_type":0,"_value":5},{"_time":389,"_type":1,"_value":5},{"_time":389,"_type":2,"_value":3},{"_time":389,"_type":3,"_value":3},{"_time":389,"_type":4,"_value":5},{"_time":391,"_type":2,"_value":5},{"_time":391,"_type":3,"_value":5},{"_time":397,"_type":0,"_value":3},{"_time":397,"_type":1,"_value":1},{"_time":397,"_type":2,"_value":1},{"_time":397,"_type":3,"_value":1},{"_time":397,"_type":4,"_value":1},{"_time":399,"_type":0,"_value":1},{"_time":401,"_type":2,"_value":0},{"_time":401,"_type":3,"_value":1},{"_time":402,"_type":2,"_value":1},{"_time":402,"_type":3,"_value":0},{"_time":403,"_type":2,"_value":0},{"_time":403,"_type":3,"_value":1},{"_time":404,"_type":2,"_value":1},{"_time":404,"_type":3,"_value":0},{"_time":405,"_type":8,"_value":1},{"_time":405,"_type":0,"_value":3},{"_time":405,"_type":1,"_value":3},{"_time":405,"_type":2,"_value":3},{"_time":405,"_type":3,"_value":3},{"_time":405,"_type":4,"_value":3},{"_time":407,"_type":12,"_value":4},{"_time":407,"_type":13,"_value":3},{"_time":407,"_type":0,"_value":5},{"_time":407,"_type":1,"_value":5},{"_time":407,"_type":2,"_value":5},{"_time":407,"_type":3,"_value":5},{"_time":407,"_type":4,"_value":5},{"_time":407,"_type":0,"_value":1},{"_time":407,"_type":1,"_value":1},{"_time":407,"_type":2,"_value":3},{"_time":407,"_type":3,"_value":3},{"_time":407,"_type":4,"_value":1},{"_time":415,"_type":2,"_value":3},{"_time":415,"_type":3,"_value":3},{"_time":414,"_type":12,"_value":0},{"_time":414,"_type":13,"_value":0},{"_time":414,"_type":0,"_value":1},{"_time":414,"_type":1,"_value":0},{"_time":414,"_type":2,"_value":0},{"_time":414,"_type":3,"_value":0},{"_time":414,"_type":4,"_value":1},{"_time":414,"_type":0,"_value":0},{"_time":414,"_type":1,"_value":0},{"_time":414,"_type":2,"_value":0},{"_time":414,"_type":3,"_value":0},{"_time":414,"_type":4,"_value":0}],"_notes":[{"_time":5,"_lineIndex":2,"_lineLayer":0,"_type":1,"_cutDirection":1},{"_time":5,"_lineIndex":1,"_lineLayer":0,"_type":0,"_cutDirection":1},{"_time":7,"_lineIndex":3,"_lineLayer":1,"_type":1,"_cutDirection":3},{"_time":9,"_lineIndex":1,"_lineLayer":0,"_type":0,"_cutDirection":0},{"_time":10,"_lineIndex":0,"_lineLayer":1,"_type":1,"_cutDirection":2},{"_time":11,"_lineIndex":2,"_lineLayer":0,"_type":0,"_cutDirection":1},{"_time":6,"_lineIndex":0,"_lineLayer":0,"_type":0,"_cutDirection":0},{"_time":6,"_lineIndex":3,"_lineLayer":0,"_type":1,"_cutDirection":0},{"_time":8.3333330154418945,"_lineIndex":1,"_lineLayer":0,"_type":0,"_cutDirection":1},{"_time":8.6666660308837891,"_lineIndex":2,"_lineLayer":0,"_type":1,"_cutDirection":0},{"_time":12,"_lineIndex":1,"_lineLayer":0,"_type":1,"_cutDirection":1},{"_time":13,"_lineIndex":0,"_lineLayer":0,"_type":0,"_cutDirection":0},{"_time":12.329999923706055,"_lineIndex":0,"_lineLayer":0,"_type":0,"_cutDirection":1},{"_time":12.659999847412109,"_lineIndex":1,"_lineLayer":0,"_type":1,"_cutDirection":0},{"_time":14,"_lineIndex":2,"_lineLayer":1,"_type":1,"_cutDirection":5},{"_time":16,"_lineIndex":3,"_lineLayer":0,"_type":1,"_cutDirection":0},{"_time":15,"_lineIndex":0,"_lineLayer":0,"_type":1,"_cutDirection":2},{"_time":16.329999923706055,"_lineIndex":2,"_lineLayer":0,"_type":0,"_cutDirection":0},{"_time":16.659999847412109,"_lineIndex":3,"_lineLayer":0,"_type":1,"_cutDirection":1},{"_time":17,"_lineIndex":1,"_lineLayer":0,"_type":0,"_cutDirection":1},{"_time":19,"_lineIndex":2,"_lineLayer":2,"_type":1,"_cutDirection":0},{"_time":18,"_lineIndex":0,"_lineLayer":1,"_type":0,"_cutDirection":2},{"_time":20,"_lineIndex":3,"_lineLayer":0,"_type":1,"_cutDirection":1},{"_time":21,"_lineIndex":1,"_lineLayer":0,"_type":1,"_cutDirection":1},{"_time":22,"_lineIndex":3,"_lineLayer":1,"_type":1,"_cutDirection":3},{"_time":23,"_lineIndex":1,"_lineLayer":1,"_type":0,"_cutDirection":2},{"_time":24,"_lineIndex":3,"_lineLayer":0,"_type":1,"_cutDirection":0},{"_time":25,"_lineIndex":1,"_lineLayer":0,"_type":1,"_cutDirection":2},{"_time":26,"_lineIndex":1,"_lineLayer":0,"_type":0,"_cutDirection":1},{"_time":27,"_lineIndex":0,"_lineLayer":1,"_type":0,"_cutDirection":0},{"_time":28,"_lineIndex":3,"_lineLayer":0,"_type":1,"_cutDirection":1},{"_time":29,"_lineIndex":2,"_lineLayer":0,"_type":0,"_cutDirection":0},{"_time":28.333330154418945,"_lineIndex":2,"_lineLayer":0,"_type":0,"_cutDirection":1},{"_time":28.666660308837891,"_lineIndex":3,"_lineLayer":0,"_type":1,"_cutDirection":0},{"_time":30,"_lineIndex":3,"_lineLayer":1,"_type":1,"_cutDirection":3},{"_time":31,"_lineIndex":1,"_lineLayer":0,"_type":1,"_cutDirection":1},{"_time":32,"_lineIndex":0,"_lineLayer":1,"_type":0,"_cutDirection":1},{"_time":33,"_lineIndex":3,"_lineLayer":0,"_type":1,"_cutDirection":1},{"_time":34,"_lineIndex":1,"_lineLayer":1,"_type":0,"_cutDirection":2},{"_time":35,"_lineIndex":2,"_lineLayer":0,"_type":0,"_cutDirection":1},{"_time":37,"_lineIndex":2,"_lineLayer":0,"_type":1,"_cutDirection":1},{"_time":37,"_lineIndex":1,"_lineLayer":0,"_type":0,"_cutDirection":1},{"_time":38,"_lineIndex":0,"_lineLayer":1,"_type":0,"_cutDirection":4},{"_time":38,"_lineIndex":3,"_lineLayer":1,"_type":1,"_cutDirection":5},{"_time":39,"_lineIndex":1,"_lineLayer":0,"_type":1,"_cutDirection":1},{"_time":39,"_lineIndex":2,"_lineLayer":0,"_type":0,"_cutDirection":1},{"_time":40,"_lineIndex":0,"_lineLayer":0,"_type":0,"_cutDirection":1},{"_time":41,"_lineIndex":1,"_lineLayer":0,"_type":1,"_cutDirection":0},{"_time":40.333000183105469,"_lineIndex":1,"_lineLayer":0,"_type":1,"_cutDirection":1},{"_time":40.666000366210938,"_lineIndex":0,"_lineLayer":0,"_type":0,"_cutDirection":0},{"_time":42,"_lineIndex":2,"_lineLayer":0,"_type":1,"_cutDirection":1},{"_time":43,"_lineIndex":0,"_lineLayer":1,"_type":1,"_cutDirection":2},{"_time":44,"_lineIndex":2,"_lineLayer":0,"_type":1,"_cutDirection":1},{"_time":45,"_lineIndex":1,"_lineLayer":0,"_type":0,"_cutDirection":0},{"_time":44.333000183105469,"_lineIndex":1,"_lineLayer":0,"_type":0,"_cutDirection":1},{"_time":44.666000366210938,"_lineIndex":2,"_lineLayer":0,"_type":1,"_cutDirection":0},{"_time":46,"_lineIndex":3,"_lineLayer":0,"_type":1,"_cutDirection":1},{"_time":48,"_lineIndex":3,"_lineLayer":0,"_type":1,"_cutDirection":1},{"_time":49,"_lineIndex":2,"_lineLayer":1,"_type":0,"_cutDirection":0},{"_time":48.333328247070313,"_lineIndex":2,"_lineLayer":0,"_type":0,"_cutDirection":1},{"_time":48.666656494140625,"_lineIndex":3,"_lineLayer":1,"_type":1,"_cutDirection":0},{"_time":50,"_lineIndex":0,"_lineLayer":1,"_type":0,"_cutDirection":2},{"_time":51,"_lineIndex":1,"_lineLayer":1,"_type":0,"_cutDirection":1},{"_time":53,"_lineIndex":2,"_lineLayer":0,"_type":1,"_cutDirection":1},{"_time":53,"_lineIndex":1,"_lineLayer":0,"_type":0,"_cutDirection":1},{"_time":54,"_lineIndex":0,"_lineLayer":0,"_type":0,"_cutDirection":0},{"_time":54,"_lineIndex":3,"_lineLayer":0,"_type":1,"_cutDirection":0},{"_time":55,"_lineIndex":1,"_lineLayer":0,"_type":1,"_cutDirection":2},{"_time":56,"_lineIndex":2,"_lineLayer":1,"_type":1,"_cutDirection":3},{"_time":57,"_lineIndex":0,"_lineLayer":1,"_type":0,"_cutDirection":4},{"_time":59,"_lineIndex":3,"_lineLayer":0,"_type":1,"_cutDirection":0},{"_time":60,"_lineIndex":2,"_lineLayer":0,"_type":1,"_cutDirection":1},{"_time":61,"_lineIndex":1,"_lineLayer":0,"_type":0,"_cutDirection":0},{"_time":60.333328247070313,"_lineIndex":1,"_lineLayer":0,"_type":0,"_cutDirection":1},{"_time":60.666656494140625,"_lineIndex":2,"_lineLayer":0,"_type":1,"_cutDirection":0},{"_time":62,"_lineIndex":3,"_lineLayer":1,"_type":1,"_cutDirection":3},{"_time":63,"_lineIndex":1,"_lineLayer":1,"_type":0,"_cutDirection":2},{"_time":64,"_lineIndex":2,"_lineLayer":0,"_type":1,"_cutDirection":1},{"_time":65,"_lineIndex":3,"_lineLayer":0,"_type":1,"_cutDirection":0},{"_time":66,"_lineIndex":0,"_lineLayer":0,"_type":0,"_cutDirection":2},{"_time":67,"_lineIndex":1,"_lineLayer":0,"_type":0,"_cutDirection":1},{"_time":68,"_lineIndex":2,"_lineLayer":0,"_type":0,"_cutDirection":0},{"_time":70,"_lineIndex":1,"_lineLayer":0,"_type":1,"_cutDirection":0},{"_time":71,"_lineIndex":3,"_lineLayer":1,"_type":1,"_cutDirection":1},{"_time":71,"_lineIndex":2,"_lineLayer":1,"_type":0,"_cutDirection":1},{"_time":72,"_lineIndex":0,"_lineLayer":0,"_type":1,"_cutDirection":2},{"_time":73,"_lineIndex":2,"_lineLayer":0,"_type":1,"_cutDirection":1},{"_time":74,"_lineIndex":1,"_lineLayer":0,"_type":0,"_cutDirection":1},{"_time":75,"_lineIndex":3,"_lineLayer":0,"_type":1,"_cutDirection":1},{"_time":76,"_lineIndex":1,"_lineLayer":0,"_type":0,"_cutDirection":1},{"_time":77,"_lineIndex":2,"_lineLayer":0,"_type":1,"_cutDirection":0},{"_time":76.333328247070313,"_lineIndex":2,"_lineLayer":0,"_type":1,"_cutDirection":1},{"_time":76.666656494140625,"_lineIndex":1,"_lineLayer":0,"_type":0,"_cutDirection":0},{"_time":78,"_lineIndex":1,"_lineLayer":1,"_type":1,"_cutDirection":2},{"_time":79,"_lineIndex":2,"_lineLayer":0,"_type":1,"_cutDirection":1},{"_time":8,"_lineIndex":2,"_lineLayer":0,"_type":1,"_cutDirection":1},{"_time":80,"_lineIndex":0,"_lineLayer":1,"_type":0,"_cutDirection":2},{"_time":82,"_lineIndex":1,"_lineLayer":0,"_type":0,"_cutDirection":2},{"_time":83,"_lineIndex":3,"_lineLayer":0,"_type":1,"_cutDirection":1},{"_time":84,"_lineIndex":2,"_lineLayer":0,"_type":0,"_cutDirection":1},{"_time":85,"_lineIndex":1,"_lineLayer":0,"_type":1,"_cutDirection":1},{"_time":85,"_lineIndex":0,"_lineLayer":0,"_type":0,"_cutDirection":1},{"_time":88,"_lineIndex":1,"_lineLayer":0,"_type":1,"_cutDirection":1},{"_time":89,"_lineIndex":0,"_lineLayer":0,"_type":0,"_cutDirection":0},{"_time":88.333335876464844,"_lineIndex":0,"_lineLayer":0,"_type":0,"_cutDirection":1},{"_time":88.666671752929688,"_lineIndex":1,"_lineLayer":0,"_type":1,"_cutDirection":0},{"_time":91,"_lineIndex":2,"_lineLayer":1,"_type":1,"_cutDirection":3},{"_time":92,"_lineIndex":0,"_lineLayer":0,"_type":0,"_cutDirection":1},{"_time":96,"_lineIndex":3,"_lineLayer":0,"_type":1,"_cutDirection":1},{"_time":97,"_lineIndex":2,"_lineLayer":1,"_type":0,"_cutDirection":0},{"_time":96.333328247070313,"_lineIndex":2,"_lineLayer":0,"_type":0,"_cutDirection":1},{"_time":96.666664123535156,"_lineIndex":3,"_lineLayer":1,"_type":1,"_cutDirection":0},{"_time":98,"_lineIndex":0,"_lineLayer":0,"_type":0,"_cutDirection":1},{"_time":98,"_lineIndex":1,"_lineLayer":0,"_type":1,"_cutDirection":1},{"_time":99,"_lineIndex":1,"_lineLayer":1,"_type":0,"_cutDirection":0},{"_time":100,"_lineIndex":3,"_lineLayer":1,"_type":0,"_cutDirection":3},{"_time":101,"_lineIndex":1,"_lineLayer":0,"_type":0,"_cutDirection":1},{"_time":101,"_lineIndex":2,"_lineLayer":0,"_type":1,"_cutDirection":1},{"_time":87,"_lineIndex":2,"_lineLayer":1,"_type":1,"_cutDirection":3},{"_time":87,"_lineIndex":2,"_lineLayer":0,"_type":0,"_cutDirection":3},{"_time":103,"_lineIndex":1,"_lineLayer":1,"_type":0,"_cutDirection":0},{"_time":103,"_lineIndex":2,"_lineLayer":1,"_type":1,"_cutDirection":0},{"_time":105,"_lineIndex":3,"_lineLayer":1,"_type":1,"_cutDirection":5},{"_time":106,"_lineIndex":1,"_lineLayer":0,"_type":0,"_cutDirection":1},{"_time":107,"_lineIndex":0,"_lineLayer":1,"_type":0,"_cutDirection":2},{"_time":107,"_lineIndex":3,"_lineLayer":1,"_type":1,"_cutDirection":3},{"_time":108,"_lineIndex":2,"_lineLayer":0,"_type":1,"_cutDirection":1},{"_time":109,"_lineIndex":1,"_lineLayer":0,"_type":0,"_cutDirection":0},{"_time":108.33300018310547,"_lineIndex":1,"_lineLayer":0,"_type":0,"_cutDirection":1},{"_time":108.66600036621094,"_lineIndex":2,"_lineLayer":0,"_type":1,"_cutDirection":0},{"_time":110,"_lineIndex":0,"_lineLayer":1,"_type":0,"_cutDirection":2},{"_time":111,"_lineIndex":2,"_lineLayer":0,"_type":1,"_cutDirection":7},{"_time":112,"_lineIndex":3,"_lineLayer":1,"_type":1,"_cutDirection":0},{"_time":113,"_lineIndex":0,"_lineLayer":0,"_type":1,"_cutDirection":1},{"_time":113,"_lineIndex":1,"_lineLayer":0,"_type":0,"_cutDirection":1},{"_time":115,"_lineIndex":3,"_lineLayer":1,"_type":1,"_cutDirection":3},{"_time":117,"_lineIndex":2,"_lineLayer":0,"_type":1,"_cutDirection":0},{"_time":117,"_lineIndex":1,"_lineLayer":0,"_type":0,"_cutDirection":0},{"_time":118,"_lineIndex":0,"_lineLayer":1,"_type":0,"_cutDirection":0},{"_time":118,"_lineIndex":3,"_lineLayer":1,"_type":1,"_cutDirection":0},{"_time":119,"_lineIndex":2,"_lineLayer":0,"_type":1,"_cutDirection":1},{"_time":119,"_lineIndex":1,"_lineLayer":0,"_type":0,"_cutDirection":1},{"_time":120,"_lineIndex":2,"_lineLayer":1,"_type":1,"_cutDirection":5},{"_time":121,"_lineIndex":1,"_lineLayer":0,"_type":1,"_cutDirection":1},{"_time":121.33300018310547,"_lineIndex":0,"_lineLayer":0,"_type":0,"_cutDirection":1},{"_time":121.66600036621094,"_lineIndex":1,"_lineLayer":0,"_type":1,"_cutDirection":0},{"_time":123,"_lineIndex":3,"_lineLayer":0,"_type":0,"_cutDirection":3},{"_time":123,"_lineIndex":3,"_lineLayer":1,"_type":1,"_cutDirection":3},{"_time":124,"_lineIndex":1,"_lineLayer":1,"_type":0,"_cutDirection":2},{"_time":124,"_lineIndex":0,"_lineLayer":1,"_type":0,"_cutDirection":2},{"_time":124,"_lineIndex":1,"_lineLayer":0,"_type":1,"_cutDirection":2},{"_time":124,"_lineIndex":0,"_lineLayer":0,"_type":1,"_cutDirection":2},{"_time":126,"_lineIndex":3,"_lineLayer":1,"_type":1,"_cutDirection":0},{"_time":127,"_lineIndex":0,"_lineLayer":0,"_type":1,"_cutDirection":1},{"_time":127,"_lineIndex":1,"_lineLayer":0,"_type":0,"_cutDirection":1},{"_time":128,"_lineIndex":3,"_lineLayer":0,"_type":1,"_cutDirection":1},{"_time":129,"_lineIndex":2,"_lineLayer":0,"_type":0,"_cutDirection":0},{"_time":128.33329772949219,"_lineIndex":2,"_lineLayer":0,"_type":0,"_cutDirection":1},{"_time":128.66659545898438,"_lineIndex":3,"_lineLayer":0,"_type":1,"_cutDirection":0},{"_time":130,"_lineIndex":0,"_lineLayer":1,"_type":1,"_cutDirection":2},{"_time":131,"_lineIndex":3,"_lineLayer":0,"_type":0,"_cutDirection":3},{"_time":133,"_lineIndex":3,"_lineLayer":2,"_type":1,"_cutDirection":5},{"_time":132,"_lineIndex":2,"_lineLayer":0,"_type":1,"_cutDirection":1},{"_time":135,"_lineIndex":0,"_lineLayer":1,"_type":0,"_cutDirection":1},{"_time":135,"_lineIndex":3,"_lineLayer":1,"_type":1,"_cutDirection":1},{"_time":52,"_lineIndex":3,"_lineLayer":1,"_type":1,"_cutDirection":1},{"_time":136,"_lineIndex":2,"_lineLayer":0,"_type":1,"_cutDirection":1},{"_time":136.33299255371094,"_lineIndex":1,"_lineLayer":0,"_type":0,"_cutDirection":1},{"_time":136.66598510742188,"_lineIndex":2,"_lineLayer":0,"_type":1,"_cutDirection":0},{"_time":136.99897766113281,"_lineIndex":1,"_lineLayer":0,"_type":0,"_cutDirection":0},{"_time":137.33197021484375,"_lineIndex":2,"_lineLayer":0,"_type":1,"_cutDirection":1},{"_time":137.66496276855469,"_lineIndex":1,"_lineLayer":0,"_type":0,"_cutDirection":1},{"_time":138,"_lineIndex":2,"_lineLayer":1,"_type":1,"_cutDirection":0},{"_time":139,"_lineIndex":0,"_lineLayer":0,"_type":0,"_cutDirection":1},{"_time":140,"_lineIndex":0,"_lineLayer":1,"_type":0,"_cutDirection":2},{"_time":142,"_lineIndex":1,"_lineLayer":0,"_type":1,"_cutDirection":1},{"_time":143,"_lineIndex":0,"_lineLayer":1,"_type":0,"_cutDirection":0},{"_time":143,"_lineIndex":2,"_lineLayer":1,"_type":1,"_cutDirection":0},{"_time":144,"_lineIndex":3,"_lineLayer":0,"_type":1,"_cutDirection":1},{"_time":144.33299255371094,"_lineIndex":2,"_lineLayer":0,"_type":0,"_cutDirection":1},{"_time":144.66598510742188,"_lineIndex":3,"_lineLayer":0,"_type":1,"_cutDirection":0},{"_time":144.99897766113281,"_lineIndex":2,"_lineLayer":0,"_type":0,"_cutDirection":0},{"_time":146,"_lineIndex":2,"_lineLayer":0,"_type":1,"_cutDirection":1},{"_time":146,"_lineIndex":1,"_lineLayer":0,"_type":0,"_cutDirection":1},{"_time":147,"_lineIndex":0,"_lineLayer":1,"_type":0,"_cutDirection":0},{"_time":147,"_lineIndex":3,"_lineLayer":1,"_type":1,"_cutDirection":0},{"_time":148,"_lineIndex":1,"_lineLayer":0,"_type":1,"_cutDirection":2},{"_time":149,"_lineIndex":3,"_lineLayer":1,"_type":1,"_cutDirection":3},{"_time":149,"_lineIndex":3,"_lineLayer":0,"_type":0,"_cutDirection":3},{"_time":150,"_lineIndex":2,"_lineLayer":1,"_type":1,"_cutDirection":4},{"_time":151,"_lineIndex":0,"_lineLayer":0,"_type":0,"_cutDirection":1},{"_time":151,"_lineIndex":1,"_lineLayer":0,"_type":1,"_cutDirection":1},{"_time":152,"_lineIndex":2,"_lineLayer":0,"_type":1,"_cutDirection":1},{"_time":153,"_lineIndex":0,"_lineLayer":0,"_type":0,"_cutDirection":1},{"_time":154,"_lineIndex":1,"_lineLayer":1,"_type":0,"_cutDirection":0},{"_time":155,"_lineIndex":3,"_lineLayer":0,"_type":1,"_cutDirection":1},{"_time":155,"_lineIndex":2,"_lineLayer":0,"_type":0,"_cutDirection":1},{"_time":156,"_lineIndex":0,"_lineLayer":1,"_type":0,"_cutDirection":2},{"_time":157,"_lineIndex":2,"_lineLayer":0,"_type":1,"_cutDirection":0},{"_time":158,"_lineIndex":3,"_lineLayer":1,"_type":1,"_cutDirection":1},{"_time":159,"_lineIndex":2,"_lineLayer":0,"_type":1,"_cutDirection":3},{"_time":160,"_lineIndex":1,"_lineLayer":0,"_type":0,"_cutDirection":2},{"_time":161,"_lineIndex":2,"_lineLayer":0,"_type":1,"_cutDirection":0},{"_time":161,"_lineIndex":1,"_lineLayer":0,"_type":0,"_cutDirection":0},{"_time":162,"_lineIndex":0,"_lineLayer":0,"_type":0,"_cutDirection":1},{"_time":162,"_lineIndex":3,"_lineLayer":0,"_type":1,"_cutDirection":1},{"_time":163,"_lineIndex":2,"_lineLayer":1,"_type":1,"_cutDirection":0},{"_time":164,"_lineIndex":0,"_lineLayer":1,"_type":0,"_cutDirection":1},{"_time":164,"_lineIndex":3,"_lineLayer":1,"_type":1,"_cutDirection":1},{"_time":167,"_lineIndex":0,"_lineLayer":1,"_type":0,"_cutDirection":2},{"_time":167,"_lineIndex":3,"_lineLayer":1,"_type":1,"_cutDirection":3},{"_time":168,"_lineIndex":2,"_lineLayer":0,"_type":1,"_cutDirection":1},{"_time":168.33299255371094,"_lineIndex":1,"_lineLayer":0,"_type":0,"_cutDirection":1},{"_time":168.66598510742188,"_lineIndex":2,"_lineLayer":0,"_type":1,"_cutDirection":0},{"_time":168.99897766113281,"_lineIndex":1,"_lineLayer":0,"_type":0,"_cutDirection":0},{"_time":170,"_lineIndex":2,"_lineLayer":1,"_type":0,"_cutDirection":3},{"_time":171,"_lineIndex":3,"_lineLayer":0,"_type":1,"_cutDirection":1},{"_time":172,"_lineIndex":2,"_lineLayer":0,"_type":1,"_cutDirection":0},{"_time":173,"_lineIndex":1,"_lineLayer":0,"_type":1,"_cutDirection":1},{"_time":174,"_lineIndex":2,"_lineLayer":1,"_type":1,"_cutDirection":5},{"_time":175,"_lineIndex":0,"_lineLayer":0,"_type":0,"_cutDirection":1},{"_time":175,"_lineIndex":1,"_lineLayer":0,"_type":1,"_cutDirection":1},{"_time":176,"_lineIndex":3,"_lineLayer":0,"_type":1,"_cutDirection":1},{"_time":176.33299255371094,"_lineIndex":2,"_lineLayer":0,"_type":0,"_cutDirection":1},{"_time":176.66598510742188,"_lineIndex":3,"_lineLayer":0,"_type":1,"_cutDirection":0},{"_time":176.99897766113281,"_lineIndex":2,"_lineLayer":0,"_type":0,"_cutDirection":0},{"_time":178,"_lineIndex":0,"_lineLayer":1,"_type":0,"_cutDirection":2},{"_time":178,"_lineIndex":0,"_lineLayer":0,"_type":1,"_cutDirection":2},{"_time":179,"_lineIndex":3,"_lineLayer":1,"_type":1,"_cutDirection":0},{"_time":179,"_lineIndex":2,"_lineLayer":1,"_type":0,"_cutDirection":0},{"_time":180,"_lineIndex":1,"_lineLayer":0,"_type":0,"_cutDirection":1},{"_time":91,"_lineIndex":2,"_lineLayer":0,"_type":0,"_cutDirection":3},{"_time":92.333000183105469,"_lineIndex":1,"_lineLayer":0,"_type":1,"_cutDirection":1},{"_time":92.666000366210938,"_lineIndex":0,"_lineLayer":0,"_type":0,"_cutDirection":0},{"_time":92.999000549316406,"_lineIndex":1,"_lineLayer":0,"_type":1,"_cutDirection":0},{"_time":134,"_lineIndex":1,"_lineLayer":0,"_type":0,"_cutDirection":0},{"_time":134,"_lineIndex":2,"_lineLayer":0,"_type":1,"_cutDirection":0},{"_time":58,"_lineIndex":1,"_lineLayer":1,"_type":0,"_cutDirection":1},{"_time":122,"_lineIndex":0,"_lineLayer":0,"_type":0,"_cutDirection":0},{"_time":140.33299255371094,"_lineIndex":2,"_lineLayer":0,"_type":1,"_cutDirection":1},{"_time":140.66598510742188,"_lineIndex":1,"_lineLayer":0,"_type":0,"_cutDirection":1},{"_time":140.99897766113281,"_lineIndex":2,"_lineLayer":0,"_type":1,"_cutDirection":0},{"_time":172.75,"_lineIndex":0,"_lineLayer":1,"_type":0,"_cutDirection":2},{"_time":69,"_lineIndex":2,"_lineLayer":0,"_type":1,"_cutDirection":1},{"_time":69,"_lineIndex":0,"_lineLayer":0,"_type":0,"_cutDirection":1},{"_time":95,"_lineIndex":1,"_lineLayer":1,"_type":0,"_cutDirection":2},{"_time":95,"_lineIndex":1,"_lineLayer":0,"_type":1,"_cutDirection":2},{"_time":181,"_lineIndex":0,"_lineLayer":1,"_type":0,"_cutDirection":2},{"_time":181,"_lineIndex":0,"_lineLayer":0,"_type":1,"_cutDirection":2},{"_time":182,"_lineIndex":2,"_lineLayer":0,"_type":1,"_cutDirection":0},{"_time":183,"_lineIndex":3,"_lineLayer":1,"_type":1,"_cutDirection":1},{"_time":184,"_lineIndex":2,"_lineLayer":0,"_type":1,"_cutDirection":1},{"_time":184.33299255371094,"_lineIndex":1,"_lineLayer":0,"_type":0,"_cutDirection":1},{"_time":184.66598510742188,"_lineIndex":2,"_lineLayer":0,"_type":1,"_cutDirection":0},{"_time":184.99897766113281,"_lineIndex":1,"_lineLayer":0,"_type":0,"_cutDirection":0},{"_time":186,"_lineIndex":2,"_lineLayer":2,"_type":0,"_cutDirection":8},{"_time":187,"_lineIndex":0,"_lineLayer":1,"_type":1,"_cutDirection":8},{"_time":188,"_lineIndex":2,"_lineLayer":0,"_type":0,"_cutDirection":1},{"_time":188.33299255371094,"_lineIndex":3,"_lineLayer":0,"_type":1,"_cutDirection":1},{"_time":188.66598510742188,"_lineIndex":2,"_lineLayer":0,"_type":0,"_cutDirection":0},{"_time":188.99897766113281,"_lineIndex":3,"_lineLayer":0,"_type":1,"_cutDirection":0},{"_time":190,"_lineIndex":1,"_lineLayer":1,"_type":1,"_cutDirection":6},{"_time":191,"_lineIndex":2,"_lineLayer":0,"_type":1,"_cutDirection":0},{"_time":192,"_lineIndex":1,"_lineLayer":0,"_type":1,"_cutDirection":1},{"_time":192.33299255371094,"_lineIndex":0,"_lineLayer":0,"_type":0,"_cutDirection":1},{"_time":192.66598510742188,"_lineIndex":1,"_lineLayer":0,"_type":1,"_cutDirection":0},{"_time":192.99897766113281,"_lineIndex":0,"_lineLayer":0,"_type":0,"_cutDirection":0},{"_time":194,"_lineIndex":0,"_lineLayer":1,"_type":0,"_cutDirection":1},{"_time":195,"_lineIndex":2,"_lineLayer":0,"_type":1,"_cutDirection":3},{"_time":196,"_lineIndex":0,"_lineLayer":0,"_type":1,"_cutDirection":2},{"_time":197,"_lineIndex":3,"_lineLayer":0,"_type":1,"_cutDirection":1},{"_time":197,"_lineIndex":1,"_lineLayer":0,"_type":0,"_cutDirection":1},{"_time":198,"_lineIndex":1,"_lineLayer":0,"_type":1,"_cutDirection":1},{"_time":198.33329772949219,"_lineIndex":0,"_lineLayer":0,"_type":0,"_cutDirection":1},{"_time":198.66659545898438,"_lineIndex":1,"_lineLayer":0,"_type":1,"_cutDirection":0},{"_time":198.99989318847656,"_lineIndex":0,"_lineLayer":0,"_type":0,"_cutDirection":0},{"_time":202,"_lineIndex":2,"_lineLayer":0,"_type":1,"_cutDirection":1},{"_time":203,"_lineIndex":3,"_lineLayer":1,"_type":1,"_cutDirection":0},{"_time":204,"_lineIndex":1,"_lineLayer":0,"_type":0,"_cutDirection":1},{"_time":204.33299255371094,"_lineIndex":2,"_lineLayer":0,"_type":1,"_cutDirection":1},{"_time":204.66598510742188,"_lineIndex":1,"_lineLayer":0,"_type":0,"_cutDirection":0},{"_time":204.99897766113281,"_lineIndex":2,"_lineLayer":0,"_type":1,"_cutDirection":0},{"_time":206,"_lineIndex":2,"_lineLayer":1,"_type":1,"_cutDirection":0},{"_time":207,"_lineIndex":1,"_lineLayer":0,"_type":0,"_cutDirection":1},{"_time":210,"_lineIndex":1,"_lineLayer":1,"_type":0,"_cutDirection":4},{"_time":211,"_lineIndex":2,"_lineLayer":0,"_type":0,"_cutDirection":1},{"_time":212,"_lineIndex":1,"_lineLayer":0,"_type":1,"_cutDirection":2},{"_time":213,"_lineIndex":1,"_lineLayer":1,"_type":1,"_cutDirection":1},{"_time":213,"_lineIndex":0,"_lineLayer":1,"_type":0,"_cutDirection":1},{"_time":200,"_lineIndex":3,"_lineLayer":0,"_type":1,"_cutDirection":1},{"_time":200.33299255371094,"_lineIndex":2,"_lineLayer":0,"_type":0,"_cutDirection":1},{"_time":200.66598510742188,"_lineIndex":3,"_lineLayer":0,"_type":1,"_cutDirection":0},{"_time":200.99897766113281,"_lineIndex":2,"_lineLayer":0,"_type":0,"_cutDirection":0},{"_time":208,"_lineIndex":0,"_lineLayer":0,"_type":0,"_cutDirection":1},{"_time":208.33299255371094,"_lineIndex":1,"_lineLayer":0,"_type":1,"_cutDirection":1},{"_time":208.66598510742188,"_lineIndex":0,"_lineLayer":0,"_type":0,"_cutDirection":0},{"_time":208.99897766113281,"_lineIndex":1,"_lineLayer":0,"_type":1,"_cutDirection":0},{"_time":214,"_lineIndex":3,"_lineLayer":0,"_type":1,"_cutDirection":3},{"_time":215,"_lineIndex":1,"_lineLayer":0,"_type":0,"_cutDirection":2},{"_time":216,"_lineIndex":2,"_lineLayer":0,"_type":1,"_cutDirection":1},{"_time":217,"_lineIndex":0,"_lineLayer":0,"_type":0,"_cutDirection":1},{"_time":218,"_lineIndex":1,"_lineLayer":1,"_type":0,"_cutDirection":0},{"_time":219,"_lineIndex":3,"_lineLayer":1,"_type":1,"_cutDirection":1},{"_time":220.125,"_lineIndex":1,"_lineLayer":1,"_type":1,"_cutDirection":2},{"_time":221,"_lineIndex":0,"_lineLayer":0,"_type":0,"_cutDirection":1},{"_time":222,"_lineIndex":1,"_lineLayer":1,"_type":0,"_cutDirection":0},{"_time":223,"_lineIndex":3,"_lineLayer":0,"_type":1,"_cutDirection":1},{"_time":224,"_lineIndex":2,"_lineLayer":1,"_type":1,"_cutDirection":0},{"_time":225,"_lineIndex":1,"_lineLayer":1,"_type":1,"_cutDirection":4},{"_time":226,"_lineIndex":2,"_lineLayer":0,"_type":0,"_cutDirection":7},{"_time":227,"_lineIndex":0,"_lineLayer":1,"_type":0,"_cutDirection":2},{"_time":228,"_lineIndex":1,"_lineLayer":0,"_type":0,"_cutDirection":1},{"_time":229,"_lineIndex":2,"_lineLayer":0,"_type":1,"_cutDirection":1},{"_time":229.33299255371094,"_lineIndex":1,"_lineLayer":0,"_type":0,"_cutDirection":1},{"_time":229.66598510742188,"_lineIndex":2,"_lineLayer":0,"_type":1,"_cutDirection":0},{"_time":229.99897766113281,"_lineIndex":1,"_lineLayer":0,"_type":0,"_cutDirection":0},{"_time":230.33197021484375,"_lineIndex":2,"_lineLayer":0,"_type":1,"_cutDirection":1},{"_time":230.66496276855469,"_lineIndex":1,"_lineLayer":0,"_type":0,"_cutDirection":1},{"_time":230.99795532226563,"_lineIndex":2,"_lineLayer":0,"_type":1,"_cutDirection":0},{"_time":231.33094787597656,"_lineIndex":1,"_lineLayer":0,"_type":0,"_cutDirection":0},{"_time":231.6639404296875,"_lineIndex":2,"_lineLayer":0,"_type":1,"_cutDirection":1},{"_time":233,"_lineIndex":3,"_lineLayer":1,"_type":1,"_cutDirection":3},{"_time":234,"_lineIndex":1,"_lineLayer":0,"_type":1,"_cutDirection":1},{"_time":235,"_lineIndex":2,"_lineLayer":0,"_type":1,"_cutDirection":0},{"_time":236,"_lineIndex":0,"_lineLayer":1,"_type":0,"_cutDirection":2},{"_time":237,"_lineIndex":1,"_lineLayer":0,"_type":0,"_cutDirection":1},{"_time":238,"_lineIndex":2,"_lineLayer":0,"_type":1,"_cutDirection":0},{"_time":239,"_lineIndex":1,"_lineLayer":1,"_type":1,"_cutDirection":1},{"_time":240,"_lineIndex":3,"_lineLayer":0,"_type":1,"_cutDirection":7},{"_time":245,"_lineIndex":0,"_lineLayer":0,"_type":0,"_cutDirection":1},{"_time":245,"_lineIndex":2,"_lineLayer":0,"_type":1,"_cutDirection":1},{"_time":247,"_lineIndex":1,"_lineLayer":1,"_type":0,"_cutDirection":2},{"_time":247,"_lineIndex":0,"_lineLayer":1,"_type":0,"_cutDirection":2},{"_time":247,"_lineIndex":1,"_lineLayer":0,"_type":1,"_cutDirection":2},{"_time":247,"_lineIndex":0,"_lineLayer":0,"_type":1,"_cutDirection":2},{"_time":248,"_lineIndex":3,"_lineLayer":1,"_type":1,"_cutDirection":0},{"_time":249,"_lineIndex":0,"_lineLayer":1,"_type":0,"_cutDirection":1},{"_time":249,"_lineIndex":1,"_lineLayer":1,"_type":1,"_cutDirection":1},{"_time":250,"_lineIndex":3,"_lineLayer":1,"_type":1,"_cutDirection":3},{"_time":250,"_lineIndex":3,"_lineLayer":0,"_type":0,"_cutDirection":3},{"_time":125,"_lineIndex":2,"_lineLayer":0,"_type":1,"_cutDirection":1},{"_time":232,"_lineIndex":1,"_lineLayer":0,"_type":0,"_cutDirection":1},{"_time":232.33299255371094,"_lineIndex":2,"_lineLayer":0,"_type":1,"_cutDirection":0},{"_time":232.66598510742188,"_lineIndex":1,"_lineLayer":0,"_type":0,"_cutDirection":0},{"_time":241,"_lineIndex":2,"_lineLayer":0,"_type":1,"_cutDirection":1},{"_time":241.33299255371094,"_lineIndex":1,"_lineLayer":0,"_type":0,"_cutDirection":1},{"_time":241.99897766113281,"_lineIndex":1,"_lineLayer":0,"_type":0,"_cutDirection":0},{"_time":241.66598510742188,"_lineIndex":2,"_lineLayer":0,"_type":1,"_cutDirection":0},{"_time":242.33197021484375,"_lineIndex":2,"_lineLayer":0,"_type":1,"_cutDirection":1},{"_time":242.66496276855469,"_lineIndex":1,"_lineLayer":0,"_type":0,"_cutDirection":1},{"_time":243.09001159667969,"_lineIndex":2,"_lineLayer":1,"_type":1,"_cutDirection":5},{"_time":251,"_lineIndex":0,"_lineLayer":0,"_type":0,"_cutDirection":1},{"_time":251,"_lineIndex":1,"_lineLayer":0,"_type":1,"_cutDirection":1},{"_time":252,"_lineIndex":3,"_lineLayer":0,"_type":1,"_cutDirection":1},{"_time":252.33299255371094,"_lineIndex":2,"_lineLayer":0,"_type":0,"_cutDirection":1},{"_time":252.66598510742188,"_lineIndex":3,"_lineLayer":0,"_type":1,"_cutDirection":0},{"_time":252.99897766113281,"_lineIndex":2,"_lineLayer":0,"_type":0,"_cutDirection":0},{"_time":254,"_lineIndex":3,"_lineLayer":1,"_type":1,"_cutDirection":3},{"_time":255,"_lineIndex":0,"_lineLayer":1,"_type":0,"_cutDirection":2},{"_time":256,"_lineIndex":1,"_lineLayer":0,"_type":1,"_cutDirection":1},{"_time":256.3330078125,"_lineIndex":0,"_lineLayer":0,"_type":0,"_cutDirection":1},{"_time":256.666015625,"_lineIndex":2,"_lineLayer":0,"_type":1,"_cutDirection":0},{"_time":256.9990234375,"_lineIndex":0,"_lineLayer":0,"_type":0,"_cutDirection":0},{"_time":259,"_lineIndex":3,"_lineLayer":0,"_type":1,"_cutDirection":1},{"_time":259,"_lineIndex":2,"_lineLayer":0,"_type":0,"_cutDirection":1},{"_time":260,"_lineIndex":1,"_lineLayer":0,"_type":1,"_cutDirection":0},{"_time":260,"_lineIndex":0,"_lineLayer":0,"_type":0,"_cutDirection":0},{"_time":261,"_lineIndex":1,"_lineLayer":1,"_type":0,"_cutDirection":1},{"_time":261,"_lineIndex":3,"_lineLayer":1,"_type":1,"_cutDirection":1},{"_time":263,"_lineIndex":2,"_lineLayer":0,"_type":1,"_cutDirection":1},{"_time":263,"_lineIndex":0,"_lineLayer":0,"_type":0,"_cutDirection":1},{"_time":264,"_lineIndex":2,"_lineLayer":0,"_type":1,"_cutDirection":1},{"_time":264.3330078125,"_lineIndex":1,"_lineLayer":0,"_type":0,"_cutDirection":1},{"_time":264.666015625,"_lineIndex":2,"_lineLayer":0,"_type":1,"_cutDirection":0},{"_time":264.9990234375,"_lineIndex":1,"_lineLayer":0,"_type":0,"_cutDirection":0},{"_time":266,"_lineIndex":3,"_lineLayer":0,"_type":1,"_cutDirection":7},{"_time":267,"_lineIndex":1,"_lineLayer":1,"_type":1,"_cutDirection":2},{"_time":268,"_lineIndex":3,"_lineLayer":1,"_type":1,"_cutDirection":0},{"_time":268,"_lineIndex":2,"_lineLayer":1,"_type":0,"_cutDirection":0},{"_time":269,"_lineIndex":0,"_lineLayer":1,"_type":0,"_cutDirection":2},{"_time":269,"_lineIndex":0,"_lineLayer":0,"_type":1,"_cutDirection":2},{"_time":270,"_lineIndex":2,"_lineLayer":1,"_type":0,"_cutDirection":3},{"_time":271,"_lineIndex":0,"_lineLayer":0,"_type":1,"_cutDirection":1},{"_time":271,"_lineIndex":1,"_lineLayer":0,"_type":0,"_cutDirection":1},{"_time":272,"_lineIndex":2,"_lineLayer":1,"_type":1,"_cutDirection":0},{"_time":273,"_lineIndex":0,"_lineLayer":0,"_type":1,"_cutDirection":6},{"_time":274,"_lineIndex":2,"_lineLayer":0,"_type":0,"_cutDirection":3},{"_time":275,"_lineIndex":2,"_lineLayer":1,"_type":1,"_cutDirection":1},{"_time":275,"_lineIndex":1,"_lineLayer":1,"_type":0,"_cutDirection":1},{"_time":276,"_lineIndex":0,"_lineLayer":0,"_type":0,"_cutDirection":1},{"_time":277,"_lineIndex":2,"_lineLayer":0,"_type":1,"_cutDirection":1},{"_time":277.75,"_lineIndex":1,"_lineLayer":1,"_type":0,"_cutDirection":2},{"_time":278,"_lineIndex":2,"_lineLayer":0,"_type":1,"_cutDirection":1},{"_time":279,"_lineIndex":3,"_lineLayer":1,"_type":1,"_cutDirection":3},{"_time":279,"_lineIndex":3,"_lineLayer":0,"_type":0,"_cutDirection":3},{"_time":280,"_lineIndex":1,"_lineLayer":1,"_type":0,"_cutDirection":2},{"_time":280,"_lineIndex":1,"_lineLayer":0,"_type":1,"_cutDirection":2},{"_time":281,"_lineIndex":2,"_lineLayer":1,"_type":0,"_cutDirection":0},{"_time":282,"_lineIndex":0,"_lineLayer":0,"_type":1,"_cutDirection":1},{"_time":283,"_lineIndex":2,"_lineLayer":1,"_type":1,"_cutDirection":3},{"_time":284,"_lineIndex":1,"_lineLayer":0,"_type":0,"_cutDirection":1},{"_time":284.3330078125,"_lineIndex":2,"_lineLayer":0,"_type":1,"_cutDirection":1},{"_time":284.666015625,"_lineIndex":1,"_lineLayer":0,"_type":0,"_cutDirection":0},{"_time":284.9990234375,"_lineIndex":2,"_lineLayer":0,"_type":1,"_cutDirection":0},{"_time":287,"_lineIndex":0,"_lineLayer":0,"_type":0,"_cutDirection":2},{"_time":288,"_lineIndex":2,"_lineLayer":0,"_type":1,"_cutDirection":1},{"_time":289,"_lineIndex":0,"_lineLayer":1,"_type":0,"_cutDirection":2},{"_time":290,"_lineIndex":2,"_lineLayer":1,"_type":1,"_cutDirection":3},{"_time":291,"_lineIndex":1,"_lineLayer":0,"_type":0,"_cutDirection":0},{"_time":292,"_lineIndex":0,"_lineLayer":1,"_type":0,"_cutDirection":1},{"_time":293,"_lineIndex":1,"_lineLayer":1,"_type":0,"_cutDirection":1},{"_time":293,"_lineIndex":3,"_lineLayer":1,"_type":1,"_cutDirection":1},{"_time":295,"_lineIndex":2,"_lineLayer":1,"_type":1,"_cutDirection":3},{"_time":295,"_lineIndex":3,"_lineLayer":1,"_type":1,"_cutDirection":3},{"_time":295,"_lineIndex":2,"_lineLayer":0,"_type":0,"_cutDirection":3},{"_time":295,"_lineIndex":3,"_lineLayer":0,"_type":0,"_cutDirection":3},{"_time":296,"_lineIndex":0,"_lineLayer":0,"_type":0,"_cutDirection":1},{"_time":296,"_lineIndex":1,"_lineLayer":0,"_type":1,"_cutDirection":1},{"_time":297,"_lineIndex":1,"_lineLayer":1,"_type":1,"_cutDirection":2},{"_time":298,"_lineIndex":3,"_lineLayer":0,"_type":1,"_cutDirection":1},{"_time":299,"_lineIndex":0,"_lineLayer":1,"_type":0,"_cutDirection":1},{"_time":299,"_lineIndex":1,"_lineLayer":1,"_type":1,"_cutDirection":1},{"_time":300,"_lineIndex":3,"_lineLayer":0,"_type":1,"_cutDirection":1},{"_time":300.3330078125,"_lineIndex":2,"_lineLayer":0,"_type":0,"_cutDirection":1},{"_time":300.666015625,"_lineIndex":3,"_lineLayer":0,"_type":1,"_cutDirection":0},{"_time":300.9990234375,"_lineIndex":2,"_lineLayer":0,"_type":0,"_cutDirection":0},{"_time":302,"_lineIndex":1,"_lineLayer":1,"_type":1,"_cutDirection":2},{"_time":303,"_lineIndex":3,"_lineLayer":0,"_type":1,"_cutDirection":0},{"_time":304,"_lineIndex":0,"_lineLayer":1,"_type":0,"_cutDirection":2},{"_time":304,"_lineIndex":0,"_lineLayer":0,"_type":1,"_cutDirection":2},{"_time":305,"_lineIndex":2,"_lineLayer":0,"_type":1,"_cutDirection":0},{"_time":305,"_lineIndex":1,"_lineLayer":0,"_type":0,"_cutDirection":0},{"_time":306,"_lineIndex":0,"_lineLayer":1,"_type":0,"_cutDirection":1},{"_time":307,"_lineIndex":2,"_lineLayer":1,"_type":1,"_cutDirection":3},{"_time":308,"_lineIndex":1,"_lineLayer":0,"_type":0,"_cutDirection":1},{"_time":341,"_lineIndex":2,"_lineLayer":0,"_type":1,"_cutDirection":1},{"_time":347.9849853515625,"_lineIndex":1,"_lineLayer":0,"_type":0,"_cutDirection":1},{"_time":348.3179931640625,"_lineIndex":2,"_lineLayer":0,"_type":1,"_cutDirection":1},{"_time":348.6510009765625,"_lineIndex":1,"_lineLayer":0,"_type":0,"_cutDirection":0},{"_time":348.9840087890625,"_lineIndex":2,"_lineLayer":0,"_type":1,"_cutDirection":0},{"_time":351.98098754882813,"_lineIndex":2,"_lineLayer":0,"_type":1,"_cutDirection":1},{"_time":352.31399536132813,"_lineIndex":1,"_lineLayer":0,"_type":0,"_cutDirection":1},{"_time":352.64700317382813,"_lineIndex":2,"_lineLayer":0,"_type":1,"_cutDirection":0},{"_time":352.98001098632813,"_lineIndex":1,"_lineLayer":0,"_type":0,"_cutDirection":0},{"_time":359,"_lineIndex":3,"_lineLayer":1,"_type":1,"_cutDirection":8},{"_time":359,"_lineIndex":1,"_lineLayer":1,"_type":0,"_cutDirection":8},{"_time":360.63900756835938,"_lineIndex":2,"_lineLayer":0,"_type":1,"_cutDirection":3},{"_time":360.97201538085938,"_lineIndex":0,"_lineLayer":0,"_type":0,"_cutDirection":1},{"_time":361.97100830078125,"_lineIndex":2,"_lineLayer":0,"_type":1,"_cutDirection":0},{"_time":361.97100830078125,"_lineIndex":3,"_lineLayer":0,"_type":0,"_cutDirection":0},{"_time":362.97000122070313,"_lineIndex":0,"_lineLayer":1,"_type":0,"_cutDirection":1},{"_time":362.97000122070313,"_lineIndex":1,"_lineLayer":1,"_type":1,"_cutDirection":1},{"_time":363.968994140625,"_lineIndex":3,"_lineLayer":1,"_type":1,"_cutDirection":3},{"_time":363.968994140625,"_lineIndex":3,"_lineLayer":0,"_type":0,"_cutDirection":3},{"_time":365,"_lineIndex":0,"_lineLayer":1,"_type":0,"_cutDirection":2},{"_time":365,"_lineIndex":0,"_lineLayer":0,"_type":1,"_cutDirection":2},{"_time":367,"_lineIndex":2,"_lineLayer":1,"_type":1,"_cutDirection":5},{"_time":367,"_lineIndex":0,"_lineLayer":0,"_type":0,"_cutDirection":6},{"_time":368,"_lineIndex":2,"_lineLayer":0,"_type":1,"_cutDirection":1},{"_time":368.3330078125,"_lineIndex":1,"_lineLayer":0,"_type":0,"_cutDirection":1},{"_time":368.666015625,"_lineIndex":2,"_lineLayer":0,"_type":1,"_cutDirection":0},{"_time":368.9990234375,"_lineIndex":1,"_lineLayer":0,"_type":0,"_cutDirection":0},{"_time":370,"_lineIndex":0,"_lineLayer":0,"_type":0,"_cutDirection":1},{"_time":371,"_lineIndex":2,"_lineLayer":0,"_type":1,"_cutDirection":1},{"_time":372,"_lineIndex":3,"_lineLayer":1,"_type":1,"_cutDirection":0},{"_time":373,"_lineIndex":1,"_lineLayer":1,"_type":1,"_cutDirection":1},{"_time":373,"_lineIndex":0,"_lineLayer":1,"_type":0,"_cutDirection":1},{"_time":375,"_lineIndex":2,"_lineLayer":0,"_type":0,"_cutDirection":3},{"_time":375,"_lineIndex":2,"_lineLayer":1,"_type":1,"_cutDirection":3},{"_time":376,"_lineIndex":0,"_lineLayer":0,"_type":0,"_cutDirection":1},{"_time":376.3330078125,"_lineIndex":1,"_lineLayer":0,"_type":1,"_cutDirection":1},{"_time":376.666015625,"_lineIndex":0,"_lineLayer":0,"_type":0,"_cutDirection":0},{"_time":376.9990234375,"_lineIndex":1,"_lineLayer":0,"_type":1,"_cutDirection":0},{"_time":378,"_lineIndex":2,"_lineLayer":0,"_type":1,"_cutDirection":1},{"_time":379,"_lineIndex":0,"_lineLayer":0,"_type":0,"_cutDirection":2},{"_time":379.6669921875,"_lineIndex":2,"_lineLayer":0,"_type":1,"_cutDirection":0},{"_time":380,"_lineIndex":0,"_lineLayer":0,"_type":0,"_cutDirection":1},{"_time":382,"_lineIndex":1,"_lineLayer":0,"_type":1,"_cutDirection":1},{"_time":381,"_lineIndex":2,"_lineLayer":1,"_type":1,"_cutDirection":3},{"_time":383,"_lineIndex":0,"_lineLayer":1,"_type":0,"_cutDirection":1},{"_time":384,"_lineIndex":3,"_lineLayer":1,"_type":1,"_cutDirection":3},{"_time":385,"_lineIndex":0,"_lineLayer":0,"_type":0,"_cutDirection":0},{"_time":386,"_lineIndex":1,"_lineLayer":1,"_type":0,"_cutDirection":1},{"_time":387,"_lineIndex":3,"_lineLayer":0,"_type":1,"_cutDirection":1},{"_time":387,"_lineIndex":2,"_lineLayer":0,"_type":0,"_cutDirection":1},{"_time":384,"_lineIndex":2,"_lineLayer":0,"_type":0,"_cutDirection":1},{"_time":388,"_lineIndex":1,"_lineLayer":1,"_type":0,"_cutDirection":4},{"_time":389,"_lineIndex":3,"_lineLayer":0,"_type":0,"_cutDirection":1},{"_time":389,"_lineIndex":2,"_lineLayer":0,"_type":1,"_cutDirection":1},{"_time":392,"_lineIndex":3,"_lineLayer":0,"_type":1,"_cutDirection":1},{"_time":392.3330078125,"_lineIndex":2,"_lineLayer":0,"_type":0,"_cutDirection":1},{"_time":392.9990234375,"_lineIndex":2,"_lineLayer":0,"_type":0,"_cutDirection":0},{"_time":392.666015625,"_lineIndex":3,"_lineLayer":0,"_type":1,"_cutDirection":0},{"_time":394,"_lineIndex":1,"_lineLayer":0,"_type":1,"_cutDirection":2},{"_time":395,"_lineIndex":3,"_lineLayer":1,"_type":1,"_cutDirection":3},{"_time":395.6669921875,"_lineIndex":1,"_lineLayer":0,"_type":1,"_cutDirection":0},{"_time":397,"_lineIndex":2,"_lineLayer":1,"_type":0,"_cutDirection":1},{"_time":397,"_lineIndex":3,"_lineLayer":1,"_type":1,"_cutDirection":1},{"_time":396,"_lineIndex":0,"_lineLayer":1,"_type":0,"_cutDirection":0},{"_time":398,"_lineIndex":0,"_lineLayer":0,"_type":0,"_cutDirection":1},{"_time":399,"_lineIndex":1,"_lineLayer":0,"_type":1,"_cutDirection":1},{"_time":400,"_lineIndex":2,"_lineLayer":1,"_type":0,"_cutDirection":3},{"_time":401,"_lineIndex":1,"_lineLayer":0,"_type":1,"_cutDirection":1},{"_time":401.3330078125,"_lineIndex":0,"_lineLayer":0,"_type":0,"_cutDirection":1},{"_time":401.666015625,"_lineIndex":1,"_lineLayer":0,"_type":1,"_cutDirection":0},{"_time":401.9990234375,"_lineIndex":0,"_lineLayer":0,"_type":0,"_cutDirection":0},{"_time":402.33203125,"_lineIndex":1,"_lineLayer":0,"_type":1,"_cutDirection":1},{"_time":402.6650390625,"_lineIndex":0,"_lineLayer":0,"_type":0,"_cutDirection":1},{"_time":402.998046875,"_lineIndex":1,"_lineLayer":0,"_type":1,"_cutDirection":0},{"_time":403.3330078125,"_lineIndex":0,"_lineLayer":0,"_type":0,"_cutDirection":0},{"_time":403.666015625,"_lineIndex":1,"_lineLayer":0,"_type":1,"_cutDirection":1},{"_time":404,"_lineIndex":0,"_lineLayer":0,"_type":0,"_cutDirection":1},{"_time":404.3330078125,"_lineIndex":1,"_lineLayer":0,"_type":1,"_cutDirection":0},{"_time":404.666015625,"_lineIndex":0,"_lineLayer":0,"_type":0,"_cutDirection":0},{"_time":407,"_lineIndex":1,"_lineLayer":0,"_type":0,"_cutDirection":1},{"_time":407,"_lineIndex":1,"_lineLayer":1,"_type":0,"_cutDirection":1},{"_time":407,"_lineIndex":3,"_lineLayer":0,"_type":1,"_cutDirection":1},{"_time":407,"_lineIndex":3,"_lineLayer":1,"_type":1,"_cutDirection":1},{"_time":408,"_lineIndex":2,"_lineLayer":1,"_type":1,"_cutDirection":0},{"_time":409,"_lineIndex":0,"_lineLayer":0,"_type":0,"_cutDirection":1},{"_time":409,"_lineIndex":1,"_lineLayer":0,"_type":1,"_cutDirection":1},{"_time":410,"_lineIndex":3,"_lineLayer":1,"_type":1,"_cutDirection":3},{"_time":410,"_lineIndex":3,"_lineLayer":0,"_type":0,"_cutDirection":3},{"_time":411,"_lineIndex":0,"_lineLayer":1,"_type":0,"_cutDirection":0},{"_time":411,"_lineIndex":1,"_lineLayer":1,"_type":1,"_cutDirection":0},{"_time":412,"_lineIndex":2,"_lineLayer":0,"_type":1,"_cutDirection":7},{"_time":413,"_lineIndex":2,"_lineLayer":1,"_type":1,"_cutDirection":0},{"_time":414,"_lineIndex":0,"_lineLayer":1,"_type":0,"_cutDirection":2},{"_time":414,"_lineIndex":0,"_lineLayer":0,"_type":1,"_cutDirection":2},{"_time":415,"_lineIndex":2,"_lineLayer":0,"_type":0,"_cutDirection":1},{"_time":415,"_lineIndex":3,"_lineLayer":0,"_type":1,"_cutDirection":1},{"_time":416.6669921875,"_lineIndex":3,"_lineLayer":0,"_type":1,"_cutDirection":0},{"_time":417,"_lineIndex":2,"_lineLayer":1,"_type":1,"_cutDirection":1},{"_time":418,"_lineIndex":0,"_lineLayer":0,"_type":0,"_cutDirection":1},{"_time":36,"_lineIndex":3,"_lineLayer":0,"_type":1,"_cutDirection":0},{"_time":36,"_lineIndex":1,"_lineLayer":0,"_type":0,"_cutDirection":0},{"_time":163,"_lineIndex":1,"_lineLayer":1,"_type":0,"_cutDirection":0},{"_time":258,"_lineIndex":1,"_lineLayer":1,"_type":1,"_cutDirection":8},{"_time":286,"_lineIndex":1,"_lineLayer":0,"_type":0,"_cutDirection":0},{"_time":286,"_lineIndex":2,"_lineLayer":0,"_type":1,"_cutDirection":0},{"_time":391,"_lineIndex":1,"_lineLayer":1,"_type":1,"_cutDirection":4},{"_time":47,"_lineIndex":2,"_lineLayer":0,"_type":0,"_cutDirection":1},{"_time":344,"_lineIndex":1,"_lineLayer":0,"_type":1,"_cutDirection":1},{"_time":344.333984375,"_lineIndex":0,"_lineLayer":0,"_type":0,"_cutDirection":1},{"_time":344.6669921875,"_lineIndex":1,"_lineLayer":0,"_type":1,"_cutDirection":0},{"_time":345,"_lineIndex":0,"_lineLayer":0,"_type":0,"_cutDirection":0}],"_obstacles":[{"_time":39.75,"_lineIndex":2,"_type":0,"_duration":1.5,"_width":2},{"_time":46,"_lineIndex":0,"_type":0,"_duration":2,"_width":2},{"_time":85,"_lineIndex":2,"_type":0,"_duration":1,"_width":2},{"_time":88,"_lineIndex":2,"_type":0,"_duration":1.75,"_width":2},{"_time":199.75,"_lineIndex":0,"_type":0,"_duration":2,"_width":2},{"_time":207.75,"_lineIndex":2,"_type":0,"_duration":2,"_width":2},{"_time":245,"_lineIndex":0,"_type":1,"_duration":1,"_width":4},{"_time":341,"_lineIndex":0,"_type":0,"_duration":1.75,"_width":2},{"_time":343.66799926757813,"_lineIndex":2,"_type":0,"_duration":1.6659998893737793,"_width":2},{"_time":349.98297119140625,"_lineIndex":0,"_type":1,"_duration":1.3329999446868896,"_width":4}]}